도,시군구,청명,위도,경도,상품명
전라북도,부안군,부안군청,35.73165599,126.7330113,"부안해풍마늘, 부안버섯, 부안해풍양파, 레드향, 멜론, 오디, 부안줄포수박, 토마토, 부안딸기, 부안감자"
전라북도,정읍시,정읍시청,35.56984917,126.8559969,"단풍미인찹쌀, 단풍미인배, 단풍미인방울토마토, 단풍미인복분자주, 단풍미인토마토, 단풍미인씨없는 수박, 단풍미인한우, 단풍미인쌀"
전라북도,임실군,임실군청,35.61785451,127.2890875,"임실딸기, 임실토마토, 임실엿, 임실복숭아, 임실배, 임실한우, 임실치즈, 임실고추"
전라북도,순창군,순창군청,35.37442988,127.1373913,"명품한우, 배, 복숭아, 콩, 고구마, 두릅, 오미자, 고추, 상추(쌈추), 오디, 매실, 딸기, 복분자, 블루베리"
전라북도,무주군,무주군청,36.00684374,127.6608063,"여름딸기, 배추,무, 토마토, 복숭아, 포도, 마늘, 고추, 사과, 다래"
전라북도,군산시,군산시청,35.96746656,126.7368405,"바다향, 궁전꽃게장, 내고향시푸드, 아리울수산, 효송그린푸드, K-FOOD, 아리울현푸드, 영국빵집, 노시콩네 천연꿀농장, 웃담요구르트, 서해푸드 주식회사, 옥산한과, 더 미들래, 옹고집영농종합법인, 풍년보리원, 어울림, 중수비영농조합법인, 회현면 흰찰쌀보리, 회현 농협 RPC, 옥구 농협 RPC, 생금들"
전라북도,전주시,전주시청,35.82407315,127.1481438,"장미, 볏단가리(친환경쌀), 딸기, 토마토, 국화, 호박, 미나리, 포도, 배, 복숭아"
전라북도,완주군,완주군청,35.9048146,127.162119,"민물매운탕, 묵은지 닭볶음탕, 로컬푸드밥상, 순두부백반, 한우구이, 토마토, 배, 수박, 마늘, 양파, 대추, 딸기, 생강, 곶감, 딸기(삼례,고산,완창), 표고, 꿀, 씨없는동상곶감, 느타리버섯, 흑곶감, 고산대추, 경천대추, 동상 표고버섯, 봉동생강, 이서 신고배, 삼례수박, 비봉청정수박, 운주완창포도, 봉동왕포도, 고산마늘, 고산양파, 화산골자연한우, 화산양파"
전라남도,신안군,신안군청,34.83355208,126.3516143,"양파, 백년초, 마늘, 섬초, 무화과, 석류, 고추, 포도, 배, 신안쌀, 브로콜리"
전라남도,진도군,진도군청,34.48682862,126.2634462,"진도 검정쌀, 홍주, 울금, 구기자"
전라남도,장성군,장성군청,35.30185768,126.7849189,"잔디, 편백제품, 고로쇠, 새송이, 딸기, 토마토, 배, 포도, 단감&대봉, 사과"
전라남도,영광군,영광군청,35.27719003,126.5120138,"설도젓갈, 찰보리쌀, 태양초고추, 영광딸기, 간척지쌀, 대마할머니 막걸리, 천일염, 영광굴비, 모싯잎송편"
전라남도,함평군,함평군청,35.06591117,126.5166248,"전통감물염색, 천연황토염색, 왕골돗자리, 벌꿀, 로열제리, 꾸지뽕, 발아현미시리얼, 된장&청국장, 한과류, 잡곡, 고춧가루, 생도라지, 도라지가루, 어성초, 요구르트&치즈, 야생차, 표고버섯, 팽이버섯, 새송이버섯, 오이, 양파즙, 미니밤호박&단호박, 토마토, 오디, 딸기, 무화과&잼, 배, 사과, 함평천지 한우, 우렁색시미, 나비랑 여문쌀, 나비햇살미, 나비쌀"
전라남도,장흥군,장흥군청,34.68161207,126.9070584,"장흥버섯, 아르미쌀, 청태전"
전라남도,곡성군,곡성군청,35.28202584,127.2919296,"낙중장도, 기차마을 신동진쌀, 깻잎, 벌꿀, 곡성한우, 곡성돌실나이, 깐토란, 토란대, 피토란, 토란파이만주, 황칠순액, 부각, 발아현미, 건나물, 처음처럼, 백세미, 곡성米, 흑찰옥수수, 토란, 블루베리, 밤, 포도, 곶감, 배, 사과, 딸기, 대봉, 매실, 멜론"
전라남도,순천시,순천시청,34.95060978,127.4873829,"참다래, 단감, 복숭아, 배, 고들빼기, 한우, 미나리, 조기햅쌀, 딸기묘, 매실, 순천오이"
전라남도,영암군,영암군청,34.80005911,126.6967626,"무화과, 영암도기, 영암어란, 월출전통메주, 금정토하젓, 달빛 무화과 쌀빵, 흑염소, 돼지고기, 녹색한우, 매력한우, 단감, 대봉감, 달마지쌀, 김장무ㆍ배추ㆍ알타리무, 월출산토마토, 영암배, 풋고추, 영암월출수박, 황토고구마"
전라남도,여수시,여수시청,34.76040106,127.6623313,"향토 지키미, 귀리다움 귀리, 섬섬여수 옥수수, 거북선에 실린 쌀, 토마토, 유자차, 두릅, 여수동백화장품, 기능성잡곡, 금오도잎방풍, 거문도해풍쑥, 돌산갓김치"
전라남도,무안군,무안군청,34.99034062,126.4817048,"연 관련 특산품, 무안갯벌 지주식 돌김, 무안고품질 쌀, 황토고구마, 황토마늘, 황토양파"
전라남도,보성군,보성군청,34.77144185,127.0799475,"용문석, 전통염색, 삼베, 웅기, 고추, 오이, 감자, 쪽파, 방울토마토, 딸기, 사과, 참다래, 배, 웅치면올벼쌀, 건강미, 다향이숨쉬는쌀, 녹차미인보성쌀, 복분자, 삼백초, 어성초, 녹돈, 보성한우, 전어, 꼬막, 표고버섯, 느타리버섯, 녹차판매처, 녹차, 녹차한과, 녹차된장/고추장"
전라남도,완도군,완도군청,34.31097892,126.7549987,"딸기, 비파, 감자, 방울토마토, 삼지구엽초, 유자, 부지화, 포도, 마늘, 쌀"
전라남도,해남군,해남군청,34.57390814,126.5996442,"겨울배추, 황토고구마, 해남김, 땅끝햇살"
전라남도,구례군,구례군청,35.20249636,127.4627036,"단감, 송이버섯, 은어, 고로쇠약수, 배, 토종꿀, 산채류, 오이, 밤, 쌀"
전라남도,나주시,나주시청,35.01589769,126.7108293,"참외, 한라봉, 방울토마토, 멜론, 나주쌀, 나주배"
경상북도,영양군,영양군청,36.66670286,129.1125102,"영양 산나물, 영양 고추"
경상북도,문경시,문경시청,36.58652737,128.1867719,"산초, 생명이(산나물), 산양삼, 오감만족, 오미로제, 호산춘, 오미자막걸리, 액상차, 작두콩,여주,자색돼지감자,야관문차, 국화차, 민들레김치, 민들레차, 메주, 된장, 간장, 한과, 양파, 양파즙, 문경약돌구운소금, 사과가공식품, 오미자김, 단무지, 문경새재 옛날찹쌀떡, 문경새재 오미자빵, 오미자 찰보리빵, 약돌돼지, 문경약돌한우, 산나물, 건나물, 미나리, 토마토, 문경곶감, 문경꿀, 느타리버섯, 새송이버섯, 표고버섯, 잡곡류, 새재의 아침쌀, 새재청결미, 문경약돌쌀, 희양산우렁쌀, 복숭아, 쌍샘배, 오미자, 문경사과, 짚공예"
경상북도,안동시,안동시청,36.56846076,128.7295874,"안동곶감, 안동식혜, 안동국화차, 안동단호박, 안동딸기, 안동포, 안동고추, 안동쌀, 안동사과, 안동간고등어, 안동산약(마), 안동포도, 안동한지, 하회탈, 안동소주, 안동참외, 안동한우"
경상북도,성주군,성주군청,35.91909343,128.2829324,"포도(샤인머스캣), 팽이버섯, 오미자, 벌꿀, 노루궁뎅이 버섯, 표고버섯, 느타리버섯, 새송이버섯, 사과, 토마토, 참외"
경상북도,봉화군,봉화군청,36.8931351,128.7323867,"딸기, 햇살듬뿍, 감자, 잡곡, 수박, 화훼, 표고버섯, 한약우, 송이, 고추, 사과"
경상북도,울릉군,울릉군청,37.48444159,130.9057128,"고사리, 명이, 부지갱이, 미역취, 땅두릅, 두릅, 서덜취, 머위, 음나무, 섬초롱꽃, 참고비(섬고사리), 삼나물(눈개승마), 두메부추"
경상북도,예천군,예천군청,36.64693641,128.4373595,"단샘미, 일품쌀, 복숭아, 참외, 예천배, 양잠제품, 학가산메주, 고춧가루, 예천 참기름, 금당꿀, 예천사과, 은풍준시 곶감, 예천잡곡"
경상북도,청송군,청송군청,36.43622816,129.0570705,"꽃돌, 남근목공방, 청송한지, 청송옹기, 국화차, 통밀빵, 야생화, 산나물김치, 엿기름, 칡즙, 전통장류, 상황버섯, 느타리버섯, 표고버섯, 상추, 오이와 호박, 포도, 꿀배, 고춧가루, 인진쑥, 주왕산한우, 양봉꿀, 토종꿀, 야콘, 꽃송이버섯, 토마토, 파프리카, 토종대추, 세척고추, 청송사과"
경상북도,경주시,경주시청,35.85621666,129.2247817,"부추, 딸기, 사과, 포도, 경주천년한우, 경주체리, 양송이, 토마토"
경상북도,고령군,고령군청,35.72606532,128.2628958,"가야그린포크 & 가야한우, 감자, 성산메론, 고령 딸기, 참외, 우곡그린수박, 고령옥미"
경상북도,청도군,청도군청,35.64738481,128.7340153,"감와인, 과육퓨레, 아이스홍시, 감잎차, 감식초, 반건시, 감말랭이, 쌀, 대추, 딸기, 느타리버섯, 팽이버섯, 노지고추, 한재미나리, 복숭아, 청도반시"
경상북도,영주시,영주시청,36.80561928,128.623937,"산삼배양근, 벌꿀, 부각, 한과, 버섯, 술, 문어, 전통장류, 가지&애호박, 복숭아, 자두, 고구마, 참마, 생강, 포도, 콩, 계란, 쌀, 한우, 풍기인삼, 사과"
경상북도,상주시,상주시청,36.4109398,128.1591451,"상주 오미자, 상주 벌꿀, 상주 복숭아, 상주 한우, 상주 오이, 상주 포도, 상주 사과, 상주 배, 상주 곶감, 상주 쌀"
경상북도,김천시,김천시청,36.13988817,128.1136245,"김천자두, 김천포도"
경상북도,의성군,의성군청,36.35271644,128.6970778,"마늘, 쌀, 복숭아, 자두, 사과"
경상남도,고성군,고성군청 경남,34.97273871,128.4678663,"찰옥수수, 곱배인삼, 부추, 시금치, 파프리카, 화훼, 애호박, 취나물, 풋고추, 딸기, 버섯, 참다래, 방울토마토, 단감, 고성 쌀, 고성녹용, 고성돼지, 고성한우"
경상남도,합천군,합천군청,35.56667034,128.1657908,"샤인머스켓, 밤, 녹차, 발효차, 허굴농차, 기능성소금선물세트, 황토소금, 사과, 파프리카, 미나리, 도자기, 우렁이쌀, 합천황토한우, 황매산 블루베리, 표고버섯, 친환경 고추, 유기농 토마토, 딸기, 친환경 쌀, 고사리, 두릅, 꿀, 덕곡생생마늘, 합천토종흑돼지, 곰취, 브로콜리, 수박, 호박, 양파, 전통 장류, 꿈꾸는 달걀, 메론, 배, 쥬키니, 방울토마토, 양떡메(양파즙, 떡가래, 메주), 산그리메(국화차), 산그리메(감잎차), 산그리메(뽕잎차), 합천 육묘장, 봉산건강원, 매실, 고추"
경상남도,창녕군,창녕군청,35.54461538,128.4921681,"성산사과, 공정육묘, 창녕체리, 감자, 창녕수박, 돼지고기 부분육, 창녕한우, 우포늪복숭아, 파프리카, 토마토, 풋고추, 화왕산미나리, 창녕오이, 창녕단감, 창녕고추, 창녕마늘, 창녕양파, 창녕 송이버섯"
경상남도,함양군,함양군청,35.52052717,127.7251605,"함양농업가공사업소, 지리산마천농협, 인삼죽염, 삼민목장, 우리가, 지리산산골흑돼지, 장충동 B&F, 내수면 철갑상어, 밤, 산머루, 옻, 새송이 버섯, 꿀, 계란, 돼지고기, 소고기, 상황버섯, 느타리버섯, 송이버섯, 감말랭이, 곶감, 절임배추, 두릅, 파프리카, 토마토, 여주, 딸기, 양파, 블루베리, 오미자, 복분자, 단감, 배, 사과, 밀가루, 잡곡, 쌀, 산양삼"
경상남도,거제시,거제시청,34.88053905,128.6211295,"장목면 양파,유자, 남부면 고구마, 일운면 마늘, 상황버섯, 한라봉, 수양동 배추, 무, 상문동 무농약쌀, 동부면 표고버섯, 알로에, 거제면 파프리카, 한라봉, 알로에, 토마토, 파인애플, 둔덕면 포도, 축산, 사등면 유자, 비파, 토마토, 느타리버섯, 연초면 상황버섯, 들깨, 유자, 하청면 맹종죽(죽순), 풋고추, 유자, 치자"
경상남도,사천시,사천시청,35.00367718,128.0642126,"붕장어, 새조개, 전어, 멸치, 쥐치, 바지락, 포도, 파프리카, 차나무, 새송이버섯, 느타리버섯, 수박, 참다래, 매실, 딸기, 토마토, 배, 단감"
경상남도,진주시,진주시청,35.18022283,128.1077063,"㈜석광아이티에스, 대원산업㈜, ㈜한국바이오케미칼, ㈜실키안, 금포영농조합법인, 민희영농조합법인, ㈜참진정, 진주시농협쌀조합공동사업법인, 송이식품, 문산머쉬영농조합법인, 햇살담은자연마을영농조합법인, 대호영농조합법인, 주흥미곡처리장, ㈜한일식품, 건웅식품㈜, 우엉마영농조합법인, 하봉정푸드, 반성전통한과, ㈜장생도라지, 싱싱단감농장, 곶감, 대나무숯, 밤, 새송이버섯, 상황버섯, 꽈리고추, 오이, 호접란, 우엉, 마, 복숭아, 매실, 배, 단감, 진주고추, 깻잎, 토마토, 수박, 메론, 가지, 파프리카, 호박, 피망, 딸기"
경상남도,산청군,산청군청,35.41553039,127.87335,"벌꿀, 양계, 양돈, 한우, 복분자, 누에환, 동충하초, 뽕잎차, 녹차, 느타리버섯, 취나물, 양파, 마늘, 수박, 딸기, 밤, 곶감, 단감, 배, 사과, 고구마, 산청친환경쌀"
경상남도,함안군,함안군청,35.2724276,128.4064986,"애플망고, 곶감, 파프리카, 참외, 포도, 연근, 단감, 복숭아, 방울토마토, 메론, 오이, 수박"
경상남도,남해군,남해군청,34.83770155,127.892652,"남해삼베, 만복당향, 한방향, 우렁쉥이, 홍합, 개조개, 굴, 바지락, 전복, 전어, 갈치, 붕장어, 멸치액젓, 멸치, 메주, 우리밀국수, 비자, 유자주, 남해유정란, 보물섬남해한우, 남해재래 시금치, 호박차,호박찜, 참다래, 땅두릅, 박나물, 청정쌀, 고사리, 치자, 유자청, 유자, 알로에, 마늘"
경상남도,통영시,통영시청,34.85444392,128.4331492,"고구마 쫀득이, 고구마 빼떼기죽, 미나리진액, 동백·유자오일, 옥수수, 마늘, 블루베리, 용과, 애플망고, 유자, 유자청, 참다래, 시금치, 땅두릅, 파프리카, 밀감, 딸기, 고구마줄기, 통영풍난, 고구마"
경상남도,창원시,창원시청,35.22793981,128.6818341,"버섯, 안개초, 국화, 토마토, 파프리카, 멜론, 딸기, 참외, 풋고추, 수박, 천혜향, 복숭아, 블루베리, 키위, 단감"
경상남도,밀양시,밀양시청,35.5038173,128.7466053,"은어, 카네이션, 표고버섯, 밤, 대추, 가지, 감자, 수박, 배, 포도, 얼음골 사과, 파프리카, 홍고추, 꽈리고추, 청양고추, 밀양 들깻잎, 얼음골쌀, 흙으로빚은쌀, 밀양아리랑쌀, 한천, 양란, 딸기, 단감"
경상남도,하동군,하동군청,35.0673056,127.751308,"파프리카, 양상추, 참다래, 토마토, 수박, 딸기, 단감, 대봉감, 배"
경상남도,김해시,김해시청,35.22856536,128.8893627,"산딸기, 키위, 매실, 포도, 복숭아, 단감, 파프리카, 부추, 가지, 토마토, 참외, 딸기, 서양란, 금어초, 숙근안개초, 거베라, 카네이션, 국화, 장미&장군차"
