Office_Name,County,City,Address,Latitude,Longitude
서신지구대,전라북도,전주시,완산구 새터로 46 서신지구대,35.8353917,127.1114181
남문지구대,전라북도,전주시,완산구 대동로 95 남문지구대,35.8235916,127.146028
삼천지구대,전라북도,전주시,완산구 성지산로 24 삼천지구대,35.7997514,127.1210855
화산지구대,전라북도,전주시,완산구 서원로 295 화산지구대,35.8120008,127.1267589
효자지구대,전라북도,전주시,완산구 용머리로 125 효자지구대,35.8063329,127.1240704
서부지구대,전라북도,전주시,완산구 마전들로 1 서부파출소,35.8212375,127.0961547
평화지구대,전라북도,전주시,완산구 평화로 159 평화파출소,35.7910047,127.1357081
서학파출소,전라북도,전주시,완산구 서학3길 45 서학파출소,35.8074997,127.1515917
덕진지구대,전라북도,전주시,덕진구 사평로 76 덕진지구대,35.8433589,127.1238332
아중지구대,전라북도,전주시,덕진구 진버들4길 10 아중지구대,35.8357762,127.1638449
모래내지구대,전라북도,전주시,덕진구 안덕원로 173 모래내지구대,35.8344798,127.1464648
호성파출소,전라북도,전주시,덕진구 동부대로 871 호성파출소,35.8639661,127.1493887
역전파출소,전라북도,전주시,덕진구 동부대로 688 역전파출소,35.8500863,127.1604359
여의파출소,전라북도,전주시,덕진구 쪽구름로 82 여의파출소,35.8727543,127.0761323
팔복파출소,전라북도,전주시,덕진구 신복로 58 팔복파출소,35.8560949,127.107993
솔내파출소,전라북도,전주시,덕진구 솔내6길 23 솔내파출소,35.8587438,127.1235269
송천2파출소,전라북도,전주시,덕진구 송천로 50 송천2파출소,35.8578337,127.1184231
진북파출소,전라북도,전주시,덕진구 진북1길 19 진북파출소,35.8269081,127.1326564
혁신파출소,전라북도,전주시,덕진구 출판로 92 혁신파출소,35.8393356,127.0626804
나운지구대,전라북도,군산시,대학로 293,35.9675428,126.6956743
임피파출소,전라북도,군산시,임피면 서원석곡로 610,35.9841419,126.8513018
성산파출소,전라북도,군산시,성산면 동군산로 25,35.9905355,126.7842563
나포파출소,전라북도,군산시,나포면 십자들로 644,36.0310895,126.8315075
서수파출소,전라북도,군산시,서수면 항쟁로 191,35.9828658,126.8752704
대야파출소,전라북도,군산시,대야면 만자로 10,35.9457906,126.8098518
개정파출소,전라북도,군산시,개정면 번영로 459,35.9628525,126.7677101
회현파출소,전라북도,군산시,회현면 회현로 173,35.9134553,126.7561567
은파지구대,전라북도,군산시,백토로 221번지,35.9592626,126.7047376
옥산파출소,전라북도,군산시,옥산면 옥산로 236(옥산면),35.9421326,126.7488686
옥구파출소,전라북도,군산시,대학로 806,35.9235155,126.6858319
개야도파출소,전라북도,군산시,옥도면 개야도2길 19 개야도파출소,36.0348449,126.5551349
어청도파출소,전라북도,군산시,옥도면 어청도길 93,36.1204001,125.9800134
선유도파출소,전라북도,군산시,옥도면 선유북길 70-2,35.813683,126.4142506
옥서파출소,전라북도,군산시,옥서면 옥구저수지로 182,35.9266322,126.6466981
비응파출소,전라북도,군산시,요죽안2길 31,35.9639276,126.5661581
중앙파출소,전라북도,군산시,서래안2길 24,35.983574,126.726476
개복파출소,전라북도,군산시,중정1길 16,35.9850568,126.7130212
경장지구대,전라북도,군산시,조촌2길 92-02,35.9749051,126.7348689
서해지구대,전라북도,군산시,공항로 377,35.957323,126.6575439
수송지구대,전라북도,군산시,미장안3길 3,35.9647954,126.7270178
신동지구대,전라북도,익산시,익산대로64길 34,35.9644347,126.9541979
부송팔봉지구대,전라북도,익산시,무왕로 1152,35.9587254,126.9846167
중앙지구대,전라북도,익산시,인북로 146,35.9417781,126.9547078
평화지구대,전라북도,익산시,인북로1길 26,35.9307942,126.9467735
금마파출소,전라북도,익산시,금마면 동고도리 874,35.9913981,127.0528909
여산파출소,전라북도,익산시,여산면 가람로 376,36.0585603,127.0851616
왕궁파출소,전라북도,익산시,왕궁면 왕궁로 537,35.9669196,127.0892946
용안파출소,전라북도,익산시,용안면 현내1로 88,36.1174695,126.9539883
망성파출소,전라북도,익산시,망성면 무네미길 94,36.1378822,127.0188303
황등파출소,전라북도,익산시,황등면 황등로 120,36.0025408,126.944689
삼기파출소,전라북도,익산시,삼기면 황금로 475,36.0219314,126.9806059
함라파출소,전라북도,익산시,함라면 수동길 4,36.0609806,126.9113276
함열파출소,전라북도,익산시,함열읍 함열1길 33,36.0787643,126.9581402
낭산파출소,전라북도,익산시,낭산면 함낭로 957 낭산파출소,36.0782505,127.0106708
웅포파출소,전라북도,익산시,웅포면 웅포리 806,36.0639204,126.876397
성당파출소,전라북도,익산시,성당면 성당로 159,36.0869722,126.9381659
용동파출소,전라북도,익산시,용동면 용동1길 80-27 용동파출소,36.1099089,126.9924743
오산파출소,전라북도,익산시,오산면 평동로 302,35.9377515,126.9139249
춘포파출소,전라북도,익산시,춘포로 340,35.9016462,127.0041929
중앙지구대,전라북도,정읍시,수성5로 45-14,35.5846423,126.8615442
상동지구대,전라북도,정읍시,상사3길 22,35.5595679,126.8647382
태인파출소,전라북도,정읍시,태인면 태인로 41,35.6517719,126.9433082
북면파출소,전라북도,정읍시,북면 정읍북로 554 북면파출소,35.607696,126.8908825
칠보파출소,전라북도,정읍시,칠보면 칠보중앙로 97 칠보파출소,35.6043789,126.9909877
산외파출소,전라북도,정읍시,칠보면 산외로 438,35.6213421,127.039772
산내파출소,전라북도,정읍시,산내면 능교신기길2,35.5707733,127.0218268
농소파출소,전라북도,정읍시,충정로 545,35.5835206,126.827994
입암파출소,전라북도,정읍시,입암면 정읍남로 501 입암파출소,35.5049817,126.793507
과교파출소,전라북도,정읍시,정읍사로 145,35.5236935,126.8472111
고부파출소,전라북도,정읍시,고부면 영주로 542,35.6189199,126.7730462
이평파출소,전라북도,정읍시,"황토현로 304번지 ""이평파출소""",35.663714,126.8385289
신태인파출소,전라북도,정읍시,신태인읍 신태인중앙로 30,35.6888107,126.8883386
감곡파출소,전라북도,정읍시,감곡면 원삼1길 33,35.71441,126.9281138
소성파출소,전라북도,정읍시,소성면 보화1길 118,35.5552699,126.7766016
역전지구대,전라북도,정읍시,서부산업도로 303,35.5753003,126.8433349
중앙지구대,전라북도,남원시,충정로 43,35.4119242,127.3805962
도통지구대,전라북도,남원시,요천로 1812,35.4241988,127.4098821
금지파출소,전라북도,남원시,금지면 요천로 527,35.3566558,127.3048604
운봉파출소,전라북도,남원시,운봉읍 운성로 30,35.4360625,127.530264
인월파출소,전라북도,남원시,인월면 인월로 56,35.4606688,127.6013566
산내파출소,전라북도,남원시,산내면 대정길 119,35.4201212,127.6282449
아영파출소,전라북도,남원시,아영면 아백로 363,35.5072522,127.611777
송동파출소,전라북도,남원시,송동면 송기길 58,35.3549697,127.337074
대강파출소,전라북도,남원시,금지면 섬진로 885,35.3489106,127.2286185
사매파출소,전라북도,남원시,사매면 덕오로 100,35.4989966,127.3601253
보절파출소,전라북도,남원시,보절면 신흥2길 11,35.5131013,127.4018729
신풍지구대,전라북도,김제시,금성8길 21,35.8004414,126.8987573
월촌지구대,전라북도,김제시,부량면 벽골제로 837,35.7854088,126.8730344
백산파출소,전라북도,김제시,백산면 백산로 52-1,35.8284156,126.8932502
용지파출소,전라북도,김제시,용지면 용지로 447,35.8530647,126.9549382
공덕파출소,전라북도,김제시,공덕면 유강로 221,35.8748147,126.9297665
백구파출소,전라북도,김제시,번영로 2503,35.8934891,126.9678679
금산파출소,전라북도,김제시,금산면 원평로 85,35.7163011,126.9940349
금구파출소,전라북도,김제시,금구면 봉두로 77,35.7757883,127.0102554
봉남파출소,전라북도,김제시,금산면 봉남로 415,35.7533616,126.9627249
만경파출소,전라북도,김제시,만경읍 두내산로 53,35.854119,126.819384
진봉파출소,전라북도,김제시,성덕면 지평선로 1748,35.8583219,126.7655117
죽산파출소,전라북도,김제시,죽산면 죽산로 119-7,35.7690449,126.8144472
소양파출소,전라북도,완주군,소양면 소양로 228,35.8554669,127.2330824
상관파출소,전라북도,완주군,상관면 신리로 83,35.7697795,127.2087123
이서파출소,전라북도,완주군,이서면 이서로 51,35.820264,127.0219896
고산파출소,전라북도,완주군,고산면 고산로 93,35.9750811,127.2072301
화산파출소,전라북도,완주군,화산면 화산로 860,36.0339952,127.2006446
운주파출소,전라북도,완주군,운주면 운주로 120,36.0930523,127.2778581
구이파출소,전라북도,완주군,구이면 상하학길 5번지,35.7335495,127.1196617
둔산파출소,전라북도,완주군,봉동읍 둔산3로 94,35.9632925,127.1275611
봉동파출소,전라북도,완주군,봉동읍 봉동동서로 145 봉동파출소,35.9395403,127.1679238
용진파출소,전라북도,완주군,용진면 완주로 198,35.8825134,127.1562847
삼례파출소,전라북도,완주군,삼례읍 삼례역로 29,35.9087424,127.0703865
모양지구대,전라북도,고창군,고창읍 남구1길 14 모양지구대,35.4274573,126.6953825
대산파출소,전라북도,고창군,대산면 고산성로 4번지 대산파출소,35.3392161,126.6007808
공음파출소,전라북도,고창군,공음면 공음길 39-1 공음파출소,35.3782311,126.5123645
성송파출소,전라북도,고창군,성송면 대성로 777 성송파출소,35.3650321,126.6459838
아산파출소,전라북도,고창군,아산면 녹두로 796 아산파출소,35.4399145,126.6358242
해리파출소,전라북도,고창군,해리면 해리중앙로 49 해리파출소,35.4569706,126.5418802
무장파출소,전라북도,고창군,무장읍성길 55 무장파출소,35.416507,126.562057
흥덕파출소,전라북도,고창군,흥덕면 선운대로 3759 흥덕파출소,35.5212012,126.7019716
부안파출소,전라북도,고창군,부안면 복분자로 873 부안파출소,35.5133545,126.6710166
서림지구대,전라북도,부안군,부안읍 석정로 154 서림지구대,35.7318771,126.7361833
진서파출소,전라북도,부안군,진서면 곰소8길 14 진서파출소,35.5888654,126.6134439
보안파출소,전라북도,부안군,보안면 부안로 1154 보안파출소,35.6115319,126.6685783
줄포파출소,전라북도,부안군,줄포면 줄포1길 4 줄포파출소,35.5893969,126.6760877
위도파출소,전라북도,부안군,위도면 위도로 247 위도파출소,35.6045924,126.2953313
격포파출소,전라북도,부안군,변산면 격포로 180 격포파출소,35.6260956,126.4722594
하서파출소,전라북도,부안군,하서면 하서길 52 하서파출소,35.7146072,126.6605693
계화파출소,전라북도,부안군,계화면 간재로 399 계화파출소,35.7615497,126.6986844
상서파출소,전라북도,부안군,상서면 부안로 1991 상서파출소,35.6857193,126.6775189
주산파출소,전라북도,부안군,주산면 선돌로 325 주산파출소,35.6748649,126.7150327
오수지구대,전라북도,임실군,오수면 충효로 2095-7,35.5457351,127.3293026
운수파출소,전라북도,임실군,임실읍 봉황로 212,35.6180456,127.2837311
강진파출소,전라북도,임실군,강진면 강운로 143,35.5290672,127.159129
하운암파출소,전라북도,임실군,운암면 강운로 1018,35.593926,127.1245745
관촌파출소,전라북도,임실군,관촌면 사선로 35,35.6737453,127.2697387
신평파출소,전라북도,임실군,신평면 가덕로 665,35.6562391,127.2253996
팔덕파출소,전라북도,순창군,"팔덕면 강천로 334, 팔덕파출소",35.3917133,127.0966258
쌍치파출소,전라북도,순창군,"쌍치면 쌍계로 25번지, 쌍치파출소",35.5000855,127.0013954
복흥파출소,전라북도,순창군,복흥면 추령로 1147 복흥파출소,35.4313723,126.9307238
구림파출소,전라북도,순창군,"구림면 구림로 469, 구림파출소",35.4522972,127.1016805
남계파출소,전라북도,순창군,"순창읍 남계로 30, 남계파출소",35.369329,127.1444819
순화파출소,전라북도,순창군,"순창읍 장류로 338, 순화파출소",35.3766383,127.1390907
동계파출소,전라북도,순창군,"동계면 충효로 347, 동계파출소",35.4389282,127.2374873
동향안천파출소,전라북도,진안군,동향면 양지길 35 (동향안천파출소),35.839515,127.568713
마령파출소,전라북도,진안군,마령면 임진로 2100(마령파출소),35.7335585,127.3705815
백운파출소,전라북도,진안군,백운면 임진로 1338(백운파출소),35.6921988,127.3973232
성수파출소,전라북도,진안군,성수면 관진로 771 (성수파출소),35.7074798,127.3233486
부귀파출소,전라북도,진안군,부귀면 부귀로 335 (부귀파출소),35.8375148,127.3640931
주천용담파출소,전라북도,진안군,주천면 동상주천로 2201 (주천용담파출소),35.973851,127.425525
마이파출소,전라북도,진안군,진안읍 진무로 1018(마이파출소),35.7868071,127.4232884
정천상전파출소,전라북도,진안군,정천면 봉학로 105(정천상전파출소),35.8729303,127.4244701
장수파출소,전라북도,장수군,장수읍 장천로 228,35.6523708,127.5202797
번암파출소,전라북도,장수군,번암면 장수로 474,35.5309145,127.5436236
산서파출소,전라북도,장수군,산서면 비행로 20,35.5849184,127.3945936
장계파출소,전라북도,장수군,장계면 한들로 97,35.7313406,127.5827025
천천파출소,전라북도,장수군,천천면 천천로 67,35.7378776,127.5342486
계북파출소,전라북도,장수군,계북면 장무로 953,35.7849676,127.6120609
주계파출소,전라북도,무주군,무주읍 적천로 367,36.0075069,127.6673685
설천파출소,전라북도,무주군,설천면 무설로 1549,36.0118924,127.7846513
구천파출소,전라북도,무주군,설천면 구천동1로 160,35.9003546,127.7756802
안성파출소,전라북도,무주군,안성면 안성로 274,35.8657013,127.6541974
적상파출소,전라북도,무주군,적상면 적상산로 37 적상파출소,35.9443686,127.6593687
무풍파출소,전라북도,무주군,무풍면 현내로 203,35.9694097,127.8477211
부남파출소,전라북도,무주군,부남면 부남로 856,35.9711417,127.5595985
하당지구대,전라남도,목포시,하당로 62,34.7987011,126.4190973
역전파출소,전라남도,목포시,영산로 88-1,34.7904184,126.3857756
중앙파출소,전라남도,목포시,영산로121번길 61,34.7946101,126.3799243
연동파출소,전라남도,목포시,영산로 259,34.803667,126.3943829
삼학파출소,전라남도,목포시,삼학로 151,34.7873773,126.4007743
산정파출소,전라남도,목포시,마파지로 90,34.8041254,126.3846407
죽교파출소,전라남도,목포시,북항로 117,34.8010397,126.3717165
용당파출소,전라남도,목포시,양을로 239,34.8123312,126.396031
상동파출소,전라남도,목포시,영산로 495-2,34.810125,126.4166
이로파출소,전라남도,목포시,하당로 252,34.8097589,126.4237824
부주파출소,전라남도,목포시,남악1로42번길 21,34.8102539,126.4477944
쌍봉지구대,전라남도,여수시,흥국로 19,34.7636515,127.6649761
소라파출소,전라남도,여수시,소라면 덕양로 452,34.798029,127.6310719
삼일파출소,전라남도,여수시,중흥4로 20-10,34.8266343,127.687221
돌산파출소,전라남도,여수시,돌산읍 돌산로 1258-3,34.6172327,127.7222397
화양파출소,전라남도,여수시,화양면 나진길 14-12,34.7084013,127.613625
율촌파출소,전라남도,여수시,율촌면 율촌로 103,34.8836886,127.5777706
만흥파출소,전라남도,여수시,망양로 221,34.7744517,127.7448109
화정파출소,전라남도,여수시,화정면 백야2길 9,34.61936,127.6405246
남면파출소,전라남도,여수시,남면 금오로 870,34.5086921,127.7683654
삼산파출소,전라남도,여수시,삼산면 거문길 26-8,34.0255411,127.3114121
중앙파출소,전라남도,여수시,수정2길 14,34.7451175,127.7479792
동문파출소,전라남도,여수시,이순신광장로 200-1,34.7388891,127.7447097
봉산파출소,전라남도,여수시,어항로 43,34.7311179,127.7228875
남산파출소,전라남도,여수시,남산북10길 2,34.7373381,127.7306271
여문파출소,전라남도,여수시,여문1로31,34.751522,127.7052447
미평파출소,전라남도,여수시,좌수영로 431,34.7662341,127.7021128
광무파출소,전라남도,여수시,좌수영로 150,34.7537126,127.7275374
신기파출소,전라남도,여수시,새터로 31,34.7594532,127.6753109
금당지구대,전라남도,순천시,기적의도서관2길 3,34.947061,127.527277
왕조지구대,전라남도,순천시,왕지2길 10-8,34.9691087,127.5227343
남문파출소,전라남도,순천시,중앙로 2,34.9471447,127.488168
북문파출소,전라남도,순천시,중앙로 214,34.9648179,127.4849625
별량파출소,전라남도,순천시,별량면 반곡길 2,34.8756422,127.4541164
낙안파출소,전라남도,순천시,낙안면 조정래길 776,34.9069693,127.3446491
황전파출소,전라남도,순천시,황전면 괴목길 97,35.1035321,127.430225
송광파출소,전라남도,순천시,송광면 쌍향수길 1332,34.973242,127.2641707
주암파출소,전라남도,순천시,주암면 동주로 2046,35.07645,127.2348375
승주파출소,전라남도,순천시,승주읍 승주로 723-3,35.0144423,127.3889506
해룡파출소,전라남도,순천시,해룡면 월전길 43,34.9148438,127.5367068
연향파출소,전라남도,순천시,연향번영길 58,34.9472035,127.5180527
역전파출소,전라남도,순천시,팔마로 117,34.9461461,127.5014669
남도파출소,전라남도,순천시,지현길 21,34.9355629,127.4901425
서면파출소,전라남도,순천시,서면 동산길 16,35.0057723,127.479584
삼산파출소,전라남도,순천시,석현동 15-11,34.9668323,127.4889501
신대파출소,전라남도,순천시,해룡면 매안5길 17,34.9315277,127.5531951
금성지구대,전라남도,나주시,학생운동길 16,35.028133,126.7213445
왕곡파출소,전라남도,나주시,왕곡면 나주서부로 384,34.9682679,126.6708125
공산파출소,전라남도,나주시,공산면 공산로 134,34.9430134,126.6075455
금천파출소,전라남도,나주시,금천면 금영로 941,35.0316,126.753413
노안파출소,전라남도,나주시,노안면 금산로 32-53,35.0768115,126.7328251
남평파출소,전라남도,나주시,남평읍 남평1로 37,35.0474065,126.8416599
봉황파출소,전라남도,나주시,봉황면 봉황로 702,34.9562648,126.7796344
산포파출소,전라남도,나주시,산포면 산포로 443-5,35.0372101,126.8015759
영산파출소,전라남도,나주시,영산포로 188,34.9980917,126.7103391
다시파출소,전라남도,나주시,다시면 다시로 185,35.0175701,126.6377445
빛가람지구대,전라남도,나주시,그린로 310,35.0140265,126.7959985
읍내지구대,전라남도,광양시,광양읍 백운로 10,34.9707635,127.5910644
중마지구대,전라남도,광양시,시청로 22,34.9394053,127.6940444
진상파출소,전라남도,광양시,진상면 신시길 219,35.0193499,127.7194288
옥룡파출소,전라남도,광양시,옥룡면 신재로 620,35.0166293,127.6192914
골약파출소,전라남도,광양시,도이3길 3,34.9353541,127.6731026
광영파출소,전라남도,광양시,광영로 87,34.9621561,127.719185
옥곡파출소,전라남도,광양시,옥곡면 옥진로 650,34.9896126,127.6982896
태금파출소,전라남도,광양시,담안길 담안길 87,34.941882,127.750963
포두파출소,전라남도,고흥군,포두면 우주로 616,34.569875,127.341175
대서파출소,전라남도,고흥군,대서면 석장1길 2,34.7712442,127.2837541
봉래파출소,전라남도,고흥군,봉래면 축정2길 9,34.4637344,127.4579205
도화파출소,전라남도,고흥군,도화면 중심길 32,34.510078,127.319493
금산파출소,전라남도,고흥군,금산면 거금중앙길 50,34.4568596,127.1228125
동강파출소,전라남도,고흥군,동강면 원유둔1길 14,34.7806396,127.3332445
읍내파출소,전라남도,고흥군,고흥읍 학교길 74,34.6087523,127.287748
녹동파출소,전라남도,고흥군,도양읍 비봉로 146,34.5280537,127.1355865
풍양파출소,전라남도,고흥군,풍양면 죽시장터길 5,34.5760761,127.2435334
과역파출소,전라남도,고흥군,과역면 고흥로 2964,34.6772714,127.3616333
점암파출소,전라남도,고흥군,점암면 모룡길 34,34.6542319,127.3796457
영남파출소,전라남도,고흥군,영남면 팔영로 1041,34.6026241,127.4524841
읍내지구대,전라남도,해남군,해남읍 읍사무소길 46,34.565385,126.598563
화원파출소,전라남도,해남군,화원면 청용길 5,34.6664755,126.3269716
화산파출소,전라남도,해남군,화산면 해남화산로 1059,34.4915049,126.5148599
산이파출소,전라남도,해남군,산이면 비석길 105,34.6444995,126.4471532
송지파출소,전라남도,해남군,송지면 산정1길 104,34.3692686,126.5191756
북평파출소,전라남도,해남군,북평면 달량진길 42,34.4054321,126.6277341
문내파출소,전라남도,해남군,문내면 동헌길 36,34.5918818,126.3092375
삼산파출소,전라남도,해남군,현산면 고산로 519,34.5212792,126.609661
황산파출소,전라남도,해남군,황산면 시등로 124,34.5756902,126.4307621
마산파출소,전라남도,해남군,마산면 은적사길 7,34.6183236,126.5708629
옥천파출소,전라남도,해남군,옥천면 해남로 397,34.5673815,126.6471148
현산파출소,전라남도,해남군,현산면 일평길 8,34.4582816,126.5527263
남악지구대,전라남도,무안군,삼향읍 남악영산길 49,34.8118167,126.4769625
해제파출소,전라남도,무안군,해제면 양간로 85,35.1138869,126.2968012
일로파출소,전라남도,무안군,일로읍 일로로 55,34.8496221,126.4927124
승달파출소,전라남도,무안군,무안읍 불무로 38-11,34.9884721,126.47365
청계파출소,전라남도,무안군,청계면 영산로 1696,34.9102647,126.430481
현경파출소,전라남도,무안군,현경면 현해로 106,35.0216089,126.4097944
운남파출소,전라남도,무안군,운남면 운해로 574-1,34.960357,126.3401508
읍내지구대,전라남도,장흥군,장흥읍 동부로 2,34.6813513,126.908375
안양파출소,전라남도,장흥군,안양면 남부관광로 734,34.6490297,126.9716996
관산파출소,전라남도,장흥군,관산읍 관산로 101,34.5641372,126.9377167
대덕파출소,전라남도,장흥군,대덕읍 대대로 931,34.4992517,126.8885011
회진파출소,전라남도,장흥군,회진면 회진로 438,34.4842247,126.939919
장평파출소,전라남도,장흥군,장평면 평동로 14-1,34.7740381,126.9762771
용산파출소,전라남도,장흥군,용산면 장흥대로 2488,34.6171819,126.913234
회천파출소,전라남도,보성군,회천면 우암1길 7,34.6728886,127.0917464
예당파출소,전라남도,보성군,득량면 예당길 131,34.7777457,127.1965587
읍내파출소,전라남도,보성군,보성읍 송재로 278,34.7763782,127.0891586
미력파출소,전라남도,보성군,미력면 송재로 593,34.8002179,127.0875055
벌교파출소,전라남도,보성군,벌교읍 채동선로 254,34.8447608,127.3443966
조성파출소,전라남도,보성군,조성면 조성로 95,34.8074183,127.2451219
복내파출소,전라남도,보성군,복내면 송재로 1812,34.892378,127.1322903
겸백파출소,전라남도,보성군,겸백면 충의로 2466,34.8288499,127.1528527
읍내지구대,전라남도,영광군,영광읍 천년로13길 29,35.2756046,126.5065476
낙월파출소,전라남도,영광군,낙월면 낙월길 78-2,35.201797,126.1360627
백수파출소,전라남도,영광군,백수읍 백수로10길 53,35.2809774,126.4239851
염산파출소,전라남도,영광군,염산면 천년로1길 53,35.218785,126.3760161
군남파출소,전라남도,영광군,군남면 천년로 837,35.241719,126.451254
법성파출소,전라남도,영광군,법성면 법성포로1길 25-18,35.3610822,126.4420361
홍농파출소,전라남도,영광군,홍농읍 상하길41,35.3954154,126.4452625
대마파출소,전라남도,영광군,대마면 영장로 253,35.3014335,126.5787576
읍내지구대,전라남도,화순군,화순읍 충의로 152,35.0544756,126.9930102
도곡파출소,전라남도,화순군,도곡면 지석로 1108,34.9976038,126.9170025
사평파출소,전라남도,화순군,남면 사호로 213,35.0075965,127.094341
능주파출소,전라남도,화순군,능주면 관동길 19,34.99017,126.9605548
역전파출소,전라남도,화순군,화순읍 오성로 488,35.0521167,126.9619139
동복파출소,전라남도,화순군,동복면 오지호로 285,35.0704832,127.1277007
동면파출소,전라남도,화순군,동면 충의로 773,35.0306144,127.0409293
이양파출소,전라남도,화순군,이양면 이양로 133,34.891564,126.989139
남부파출소,전라남도,함평군,학교면 닻빼기길 2,35.016499,126.537839
읍내파출소,전라남도,함평군,함평읍 함장로 1202-16,35.0583614,126.5265135
대동파출소,전라남도,함평군,대동면 대동길 5-8,35.0684539,126.5311676
해보파출소,전라남도,함평군,해보면 밀재로 1255,35.1820679,126.6011639
월야파출소,전라남도,함평군,월야면 밀재로 1551,35.1791862,126.6319179
나산파출소,전라남도,함평군,나산면 나산길 84,35.1130523,126.6097426
서부파출소,전라남도,함평군,손불면 손무로 734,35.1418918,126.4330963
삼호지구대,전라남도,영암군,삼호읍 대불주거로 188,34.7552935,126.4563528
신북파출소,전라남도,영암군,신북면 간은정로 35,34.8905534,126.6928049
시종파출소,전라남도,영암군,시종면 고분로 11,34.8689509,126.6107057
읍내파출소,전라남도,영암군,영암읍 낭주로 178,34.8037671,126.7006617
군서파출소,전라남도,영암군,군서면 왕인로 497,34.7620027,126.6315106
학산파출소,전라남도,영암군,학산면 영산로 28,34.7261119,126.5679991
진남파출소,전라남도,장성군,남면 못재로 93,35.2454346,126.8120251
북이파출소,전라남도,장성군,북이면 갈재로 3,35.4309557,126.8101864
북일파출소,전라남도,장성군,북일면 신흥로 410,35.3754891,126.8068807
읍내파출소,전라남도,장성군,장성읍 역전로 80,35.2992602,126.7806296
삼계파출소,전라남도,장성군,삼계면 사창로 58,35.2591008,126.6656589
삼서파출소,전라남도,장성군,삼서면 해삼로 1163,35.234937,126.647195
북하파출소,전라남도,장성군,북하면 백양로 896,35.4074672,126.882
읍내지구대,전라남도,강진군,강진읍 목리길 20,34.6370899,126.7754595
도암파출소,전라남도,강진군,도암면 도암중앙로 51-1,34.5444814,126.7280451
작천파출소,전라남도,강진군,작천면 평리길 58,34.7040767,126.772069
성전파출소,전라남도,강진군,성전면 별뫼로 382,34.6911536,126.7081351
칠량파출소,전라남도,강진군,칠량면 칠량로 72,34.5724206,126.7986875
마량파출소,전라남도,강진군,마량면 마량3길 5,34.4523185,126.8162827
군동파출소,전라남도,강진군,군동면 진흥로 325,34.6450502,126.8161017
금성파출소,전라남도,담양군,금성면 석현길 10-9,35.3440176,127.0264717
대전파출소,전라남도,담양군,대전면 대전로 4,35.276825,126.8883625
수북파출소,전라남도,담양군,수북면 추성1로 715,35.3020835,126.9297602
고서파출소,전라남도,담양군,고서면 가사문학로 320,35.2233477,126.9727285
창평파출소,전라남도,담양군,창평면 의병로 164,35.2389812,127.0181981
중앙파출소,전라남도,담양군,담양읍 중앙로 73,35.3196472,126.9824113
읍내파출소,전라남도,곡성군,곡성읍 중앙로 84-1,35.2797167,127.292375
석곡파출소,전라남도,곡성군,석곡면 석곡로 61,35.1325429,127.2535229
입면파출소,전라남도,곡성군,입면 입면로 695,35.2973217,127.2039108
삼기파출소,전라남도,곡성군,삼기면 곡순로 1425,35.2348513,127.2111
옥과파출소,전라남도,곡성군,옥과면 대학로 153,35.2766983,127.1363052
오곡파출소,전라남도,곡성군,오곡면 기차마을로 161,35.2729119,127.3135122
죽곡파출소,전라남도,곡성군,죽곡면 오죽로 20-3,35.1509424,127.3198286
읍내지구대,전라남도,완도군,완도읍 개포로 113,34.3170635,126.7418319
군외파출소,전라남도,완도군,군외면 청해진서로2100번길 66,34.3854172,126.6451552
금일파출소,전라남도,완도군,금일읍 금일로390번길 7-5,34.3491166,127.0291176
보길파출소,전라남도,완도군,보길면 보길동로 보길로 1-1,34.168729,126.566861
청산파출소,전라남도,완도군,청산면 도청4길 17,34.1801416,126.8584708
소안파출소,전라남도,완도군,소안면 비자39번길 33,34.1735724,126.6514403
금당파출소,전라남도,완도군,금당면 차우30번길 3-10,34.431419,127.067163
약산파출소,전라남도,완도군,약산면 약산로 367,34.3936081,126.898137
고금파출소,전라남도,완도군,고금면 고금동로2번길 16,34.3957724,126.8016169
신지파출소,전라남도,완도군,신지면 신지로 551,34.3338949,126.8270923
노화파출소,전라남도,완도군,노화읍 이목길 29-9,34.177754,126.5700393
조도파출소,전라남도,진도군,조도면 창리길 11,34.2988044,126.0505812
의신파출소,전라남도,진도군,의신면 돈지1길 29,34.4403965,126.2799473
읍내파출소,전라남도,진도군,진도읍 남동3길 1,34.4813539,126.2626445
고군파출소,전라남도,진도군,고군면 진도대로 280,34.4925146,126.3418163
임회파출소,전라남도,진도군,임회면 석교길 47-15,34.4058487,126.191325
군내파출소,전라남도,진도군,군내면 진도대로 7957,34.5373498,126.2976588
지산파출소,전라남도,진도군,지산면 인지인천1길 26,34.424545,126.167526
읍내파출소,전라남도,구례군,구례읍 로터리길 7,35.2091366,127.4653923
광의파출소,전라남도,구례군,광의면 광의철쭉동산로 8,35.2608473,127.4416019
간전파출소,전라남도,구례군,간전면 간전중앙로 188,35.1751527,127.5421466
산동파출소,전라남도,구례군,산동면 원촌길 94,35.314125,127.4385125
토지파출소,전라남도,구례군,토지면 섬진강대로 5058,35.1981712,127.5249955
마산파출소,전라남도,구례군,마산면 화엄사로 144,35.2224679,127.4871375
흑산파출소,전라남도,신안군,흑산면 예리1길 80-4,34.6853781,125.4454112
하의파출소,전라남도,신안군,하의면 곰실길 19,34.6060959,126.0367234
안좌파출소,전라남도,신안군,안좌면 안좌동부길 832,34.754583,126.126925
팔금파출소,전라남도,신안군,팔금면 탑목개길 149,34.7823572,126.1426202
지도파출소,전라남도,신안군,지도읍 읍내길 79,35.0608609,126.2079866
임자파출소,전라남도,신안군,임자면 진리길 1,35.0847021,126.1111959
자은파출소,전라남도,신안군,자은면 구영2길 71,34.8866333,126.0442173
암태파출소,전라남도,신안군,암태면 중부로 1827-2,34.8296548,126.114143
비금파출소,전라남도,신안군,비금면 읍동길 39,34.7558523,125.9274379
도초파출소,전라남도,신안군,도초면 서남문로1523,34.7025232,125.9545184
장산파출소,전라남도,신안군,장산면 장산로 365,34.6419256,126.1481715
가거파출소,전라남도,신안군,흑산면 가거도길 41-2,34.0521686,125.1256758
압해파출소,전라남도,신안군,압해읍 압해로 864,34.86481,126.3147035
증도파출소,전라남도,신안군,증도면 문준경길208,35.002025,126.138
신의파출소,전라남도,신안군,신의면 상동길 31,34.5852456,126.0898459
산내파출소,경상북도,경주시,산내면 의곡중앙길 34 산내파출소,35.757994,129.047149
양남파출소,경상북도,경주시,양남면 하서중앙길 59,35.6760429,129.462525
외동파출소,경상북도,경주시,외동읍 입실로 81,35.7155365,129.3239253
불국파출소,경상북도,경주시,산업로 2999,35.7743282,129.3005134
역전파출소,경상북도,경주시,원화로 270 역전파출소,35.8448487,129.2175625
보문파출소,경상북도,경주시,경감로 589,35.834688,129.2870555
건천파출소,경상북도,경주시,건천읍 내서로 1109,35.8499016,129.1033616
서면파출소,경상북도,경주시,건천읍 내서로 425,35.893706,129.0500832
안강파출소,경상북도,경주시,안강읍 안강중앙로 223 안강파출소,35.9924649,129.2245803
강동파출소,경상북도,경주시,강동면 인동새들길 10,35.9870301,129.2732448
감포파출소,경상북도,경주시,감포읍 감포로3길 40,35.8036194,129.5037839
문무대왕파출소,경상북도,경주시,양북면 어일1길 39(어일리 837-2),35.7917578,129.4422019
중앙파출소,경상북도,경주시,금성로 296-1,35.8440257,129.2072451
황남파출소,경상북도,경주시,포석로 1052,35.8349116,129.2096229
충효파출소,경상북도,경주시,충효중앙길 50-5,35.843742,129.1853346
내남파출소,경상북도,경주시,내남면 포석로 370,35.774394,129.205425
황성파출소,경상북도,경주시,용담로 11,35.8604456,129.2192347
성건파출소,경상북도,경주시,금성로 424 성건파출소,35.8555331,129.2070823
현곡파출소,경상북도,경주시,현곡면 다경길 9-3,35.8860527,129.17905
동천파출소,경상북도,경주시,탈해로 65,35.8513922,129.2302802
용강파출소,경상북도,경주시,산업로 4354,35.8682573,129.2245553
천북파출소,경상북도,경주시,천북면 동산3길 9,35.8961473,129.2688878
환여파출소,경상북도,포항시,북구 삼호로 370,36.066972,129.3891705
신광파출소,경상북도,포항시,북구 신광면 토성길 15,36.128309,129.2605496
송라파출소,경상북도,포항시,북구 송라면 보경로 38,36.2286258,129.3585947
죽장파출소,경상북도,포항시,북구 새마을로 3606,36.1603291,129.0951688
기계파출소,경상북도,포항시,북구 기계면 기계로 92-11,36.0710044,129.2065512
기북파출소,경상북도,포항시,북구 기북면 기북로 433,36.1278571,129.1656125
흥해파출소,경상북도,포항시,북구 흥해읍 중성로 83,36.1093586,129.3522263
청하파출소,경상북도,포항시,북구 청하면 청하로 178,36.1951883,129.3393475
양학파출소,경상북도,포항시,북구 양학로7,36.0245625,129.351319
죽도파출소,경상북도,포항시,북구 중흥로 280,36.0274926,129.362099
덕산파출소,경상북도,포항시,북구 중앙로 352,36.0440841,129.3655621
용당파출소,경상북도,포항시,북구 용당로91번길 10,36.0364623,129.3607575
장성파출소,경상북도,포항시,북구 법원로39번길 36,36.0785511,129.381682
학산파출소,경상북도,포항시,북구 삼호로 147,36.0529467,129.3737294
양덕파출소,경상북도,포항시,북구 장량중앙로 65,36.0901763,129.3891781
효곡대이지구대,경상북도,포항시,남구 대잠길 15,36.0110864,129.3380087
상대지구대,경상북도,포항시,남구 상공로 84,36.0154146,129.359213
구룡포파출소,경상북도,포항시,남구 호미로 182번길,35.9879667,129.5522164
장기파출소,경상북도,포항시,남구 장기면 읍내길 94,35.895429,129.4933439
동해파출소,경상북도,포항시,남구 동해면 일월로 52번길,35.9885225,129.4387317
제철파출소,경상북도,포항시,남구 동해안로 6041,35.9956473,129.4036735
호미곶파출소,경상북도,포항시,남구 호미곶면 해맞이로160,36.0771254,129.5634099
송도파출소,경상북도,포항시,남구 축항로 115,36.0305946,129.3808647
대송파출소,경상북도,포항시,남구 대송면 제내길 13,35.9851846,129.363675
연일파출소,경상북도,포항시,남구 연일읍 철강로25번길 62,35.9972363,129.3463026
오천파출소,경상북도,포항시,남구 오천읍 정몽주로 547,35.9670976,129.415563
문덕파출소,경상북도,포항시,남구 오천읍 냉천로 318,35.9665928,129.4089094
해도파출소,경상북도,포항시,남구 상공로 228,36.0225149,129.3707909
상림지구대,경상북도,구미시,금오대로 482,36.0848858,128.3599052
원평지구대,경상북도,구미시,원남로2길 26,36.1301648,128.3192501
형곡지구대,경상북도,구미시,경은로 56,36.1135237,128.334425
도량지구대,경상북도,구미시,문장로 119,36.1440084,128.3308191
봉곡파출소,경상북도,구미시,봉곡남로 16,36.151179,128.3047728
도개파출소,경상북도,구미시,도개면 도안로 121,36.3009716,128.3296523
장천파출소,경상북도,구미시,장천면 강동로 170,36.1248949,128.4954819
고아파출소,경상북도,구미시,선산대로 974-6,36.2104524,128.3295286
산동파출소,경상북도,구미시,산동면 강동로 1030,36.169458,128.4350836
해평파출소,경상북도,구미시,해평면 강동로 1661,36.1987199,128.3911119
선산파출소,경상북도,구미시,선산읍 선산중앙로 79,36.2429497,128.2998585
무을파출소,경상북도,구미시,무을면 상무로 951,36.2614979,128.1942532
옥성파출소,경상북도,구미시,선산읍 선상동로 841,36.2959714,128.2785336
양포파출소,경상북도,구미시,흥안로 6,36.1473029,128.4179195
신평파출소,경상북도,구미시,칠성로2길 32,36.1218681,128.3607889
인동파출소,경상북도,구미시,인동중앙로 28,36.1075467,128.421999
진평파출소,경상북도,구미시,인동22길 33,36.0953341,128.4254771
서부지구대,경상북도,경산시,성암로 27,35.8226599,128.7206644
중앙파출소,경상북도,경산시,대학로 207,35.8344794,128.7455724
자인파출소,경상북도,경산시,자인면 금학로 8,35.820363,128.8235318
동부파출소,경상북도,경산시,계양로 44,35.8196255,128.7480283
하양파출소,경상북도,경산시,하양읍 금송로 179,35.9273384,128.8253426
압량파출소,경상북도,경산시,압량면 부적길 50,35.8439558,128.7608829
진량파출소,경상북도,경산시,진량읍 낙산길 6,35.8751528,128.8121618
와촌파출소,경상북도,경산시,와촌면 금송로 419,35.9466763,128.8359539
역전지구대,경상북도,안동시,경동로 690,36.56295,128.7333875
송하지구대,경상북도,안동시,경동로 278,36.5726773,128.6916971
태화지구대,경상북도,안동시,태화2길 7,36.562698,128.713718
길안파출소,경상북도,안동시,길안면 천지길 41,36.4585593,128.8920563
풍천파출소,경상북도,안동시,풍천면 지풍로 1479,36.5561159,128.5072318
예안파출소,경상북도,안동시,예안면 임예로 1923,36.661615,128.884613
풍산파출소,경상북도,안동시,풍산읍 풍산중앙길 139,36.578467,128.5759
임하파출소,경상북도,안동시,임하면 충효로 3257,36.524494,128.830248
남선파출소,경상북도,안동시,남선면 충효로 3854,36.5263159,128.7708501
강남파출소,경상북도,안동시,강남로 169,36.5524656,128.7195308
용상파출소,경상북도,안동시,경동로 959,36.5544761,128.7593159
임동파출소,경상북도,안동시,임동면 챗거리길 25,36.5669672,128.9184514
일직파출소,경상북도,안동시,일직면 경북대로 7356,36.4753513,128.661275
도산파출소,경상북도,안동시,도산면 퇴계로 2543,36.7413172,128.833378
북후파출소,경상북도,안동시,북후면 북평로 897,36.6867391,128.7029717
와룡파출소,경상북도,안동시,와룡면 퇴계로 841,36.6178672,128.7670142
옥동지구대,경상북도,안동시,광명로 7,36.5581123,128.6857298
아포파출소,경상북도,김천시,아포읍 국사길 143,36.1594706,128.2579237
남부파출소,경상북도,김천시,지례면 상부길 107,35.98506,128.027075
대덕파출소,경상북도,김천시,대덕면 대덕로 761,35.9163909,127.966735
역전파출소,경상북도,김천시,김천로 119,36.1230294,128.1151271
구성파출소,경상북도,김천시,구성면 남김천대로 2327-4,36.0297397,128.0410842
중앙지구대,경상북도,김천시,영남대로 2009,36.118806,128.1488905
자산파출소,경상북도,김천시,자산로 41-2,36.1194579,128.1270864
조마파출소,경상북도,김천시,조마면 강곡1길 22,36.0347141,128.0984094
서부지구대,경상북도,김천시,송설로 106,36.1236685,128.096254
직지파출소,경상북도,김천시,대항면 직지로 182,36.1166705,128.0181474
북부지구대,경상북도,김천시,대학로 129,36.1364192,128.0895747
어모파출소,경상북도,김천시,어모면 어모로 249,36.17881,128.11755
감문파출소,경상북도,김천시,감문로 985,36.2110518,128.1744327
동부지구대,경상북도,김천시,혁신6로 75,36.1244627,128.1895954
신영주지구대,경상북도,영주시,선비로 66 신영주지구대,36.8114284,128.6241801
서부지구대,경상북도,영주시,선비로 205 서부지구대,36.8225092,128.6180691
동부지구대,경상북도,영주시,원당로 228 동부지구대,36.8294278,128.6352288
부석파출소,경상북도,영주시,부석면 소천로 49 부석파출소,36.9795667,128.6564228
장수파출소,경상북도,영주시,장수면 장수로 5 장수파출소,36.771695,128.5742031
안정파출소,경상북도,영주시,신재로 541 안정파출소,36.8461785,128.5565246
순흥파출소,경상북도,영주시,순흥면 순흥로 63 순흥파출소,36.9152875,128.5755238
풍기파출소,경상북도,영주시,풍기읍 기주로 114 풍기파출소,36.8710863,128.5236268
금호파출소,경상북도,영천시,금호읍 금호로 115,35.9317611,128.8742613
고경파출소,경상북도,영천시,고경면 호국로 1079,36.0016016,129.0472683
임고파출소,경상북도,영천시,임고면 포은로 439,36.0157087,128.9742016
화산파출소,경상북도,영천시,화산면 장수로 908,36.0186859,128.8578035
신녕파출소,경상북도,영천시,신녕면 장수로 1691,36.042567,128.7876011
화남파출소,경상북도,영천시,화남면 천문로 1599,36.0603026,128.8916478
북안파출소,경상북도,영천시,북안면 운북로 2023,35.9176071,129.0086616
대창파출소,경상북도,영천시,대창면 금창로 674,35.8758712,128.895706
동부지구대,경상북도,영천시,창신2길13,35.9875285,128.9569994
남부지구대,경상북도,영천시,완산2길 43,35.965173,128.9410182
중앙파출소,경상북도,영천시,최무선로 303,35.9677451,128.9325463
청통파출소,경상북도,영천시,청통면 금송로 1025,35.9955146,128.8194521
중앙지구대,경상북도,상주시,상서문로 63,36.4153828,128.1557298
동문지구대,경상북도,상주시,중앙로 371,36.4181693,128.1790437
모동파출소,경상북도,상주시,모동면 용호1길 21,36.319048,127.9599528
화북파출소,경상북도,상주시,화북면 문장로 1718,36.562342,127.9196189
은척파출소,경상북도,상주시,은척면 봉중1길 6,36.5334917,128.0737125
낙동파출소,경상북도,상주시,낙동면 영남제일로 105,36.3645574,128.2973938
화동파출소,경상북도,상주시,화동면 이소1길 42,36.3890216,127.9539337
사벌국파출소,경상북도,상주시,사벌면 덕담1길 59,36.46796,128.2093347
청리파출소,경상북도,상주시,청리면 청리중앙로 166-10,36.3397511,128.1307628
공성파출소,경상북도,상주시,공성면 공성중앙로 99,36.2848432,128.0934886
공검파출소,경상북도,상주시,공검면 비재로 1288,36.5127604,128.1564125
함창파출소,경상북도,상주시,함창읍 함창중앙로 112,36.5686611,128.1770174
화서파출소,경상북도,상주시,화서면 화령로 21,36.4445362,127.9490336
농암파출소,경상북도,문경시,농암면 농암길 78,36.5984729,128.0024685
가은파출소,경상북도,문경시,가은읍 가은로 137,36.6429905,128.0637868
산북파출소,경상북도,문경시,산북면 강동로 14,36.6560718,128.260608
산양파출소,경상북도,문경시,산양면 산양로 107,36.6111441,128.2585271
점촌파출소,경상북도,문경시,돈달로 142,36.6017614,128.2009934
남부파출소,경상북도,문경시,모전로 144,36.593865,128.1889651
문경파출소,경상북도,문경시,문경읍 문희로 61,36.7376925,128.1072068
마성파출소,경상북도,문경시,호계면 문경대로 1768,36.6931157,128.1204291
왜관지구대,경상북도,칠곡군,왜관읍 2번도로길 33,35.9908179,128.3973625
석적지구대,경상북도,칠곡군,석적읍 석적로 965,36.0764171,128.3940386
북삼지구대,경상북도,칠곡군,북삼읍 인평1길 2,36.0627308,128.3434094
동명파출소,경상북도,칠곡군,동명면 금암중앙길 21,35.9807639,128.5537758
지천파출소,경상북도,칠곡군,지천면 신동로 154,35.95616,128.4892
가산파출소,경상북도,칠곡군,동명면 경북대로 1576,36.0864691,128.5390059
약목파출소,경상북도,칠곡군,약목면 약목로3길 12,36.0333983,128.3646942
의성지구대,경상북도,의성군,의성읍 충효로 65,36.3538531,128.7030925
안평파출소,경상북도,의성군,안평면 안평의성로 1,36.3771603,128.5802894
단밀파출소,경상북도,의성군,단밀면 주속길 70,36.3764714,128.3829065
봉양파출소,경상북도,의성군,봉양면 도리원1길 53,36.2990405,128.5796069
안계파출소,경상북도,의성군,안계면 안계길 143,36.3844051,128.4367411
춘산파출소,경상북도,의성군,춘산면 금성현서로 1491,36.2376283,128.8130499
금성파출소,경상북도,의성군,금성면 탑리길 55,36.2559337,128.6811531
옥산파출소,경상북도,의성군,옥산면 신감옥산로 1228-3,36.394487,128.8051964
다인파출소,경상북도,의성군,다인면 서릉길 62,36.4485572,128.3554982
풍각파출소,경상북도,청도군,풍각면 헐티로 212,35.641786,128.618073
이서파출소,경상북도,청도군,이서면 학산1길 48,35.6627994,128.6672688
중앙파출소,경상북도,청도군,청도읍 청화로 194,35.6415071,128.7454625
화양파출소,경상북도,청도군,화양읍 도주관로 142,35.6480413,128.7051227
금천파출소,경상북도,청도군,금천면 금천로 46,35.6928861,128.8912147
매전파출소,경상북도,청도군,매전면 청려로 3711,35.667959,128.8571277
남정파출소,경상북도,영덕군,남정면 진불길 29,36.2844366,129.3724188
영덕파출소,경상북도,영덕군,영덕읍 중앙길 89,36.410595,129.3701969
강구파출소,경상북도,영덕군,강구면 동해대로 4482,36.3573832,129.3807188
영해파출소,경상북도,영덕군,영해면 예주2길 9,36.5369053,129.4075907
축산파출소,경상북도,영덕군,축산면 영덕대게로 2049,36.5054155,129.4419078
병곡파출소,경상북도,영덕군,병곡면 병곡길 62,36.6013937,129.4108738
기성파출소,경상북도,울진군,기성면 기성로 667,36.7987585,129.4529063
북면파출소,경상북도,울진군,북면 울진북로 2080 북면파출소,37.1020909,129.3732521
죽변파출소,경상북도,울진군,죽변면 죽변중앙로 159,37.0595948,129.4217184
울진파출소,경상북도,울진군,울진읍 읍내10길 20,36.9963258,129.4028867
근남파출소,경상북도,울진군,근남면 울진북로 147 근남파출소,36.962987,129.3959756
후포파출소,경상북도,울진군,후포면 울진대게로 34-8,36.6765888,129.4431134
평해파출소,경상북도,울진군,평해읍 평해로 61,36.7260785,129.441227
금강송파출소,경상북도,울진군,금강송면 불영계곡로 1723,36.9361829,129.2495954
석포파출소,경상북도,봉화군,석포면 석포로1길 6,37.0445589,129.0624168
춘양파출소,경상북도,봉화군,춘양면 의양로 54,36.9369682,128.9129783
소천파출소,경상북도,봉화군,소천면 소천로 1259,36.9400721,129.001509
명호파출소,경상북도,봉화군,명호면 노루목재길 24,36.8561415,128.8981374
봉화파출소,경상북도,봉화군,봉화읍 봉화로 1077,36.892024,128.7278678
물야파출소,경상북도,봉화군,물야면 문수로 981,36.974366,128.7362692
예천지구대,경상북도,예천군,예천읍 충효로 198,36.6496081,128.4459309
용궁파출소,경상북도,예천군,용궁면 용궁로 92,36.6071343,128.2751599
풍양파출소,경상북도,예천군,풍양면 낙상1길 60-3,36.510817,128.299287
용문파출소,경상북도,예천군,용문면 용문경천로 1213,36.6883767,128.4095649
호명지구대,경상북도,예천군,호명면 호명로 547번지,36.5952128,128.4686268
지보파출소,경상북도,예천군,지보면 지보로 151,36.5459565,128.3892711
감천파출소,경상북도,예천군,예천읍 충효로 1385,36.7207725,128.5263642
은풍파출소,경상북도,예천군,은풍면 은풍로 85,36.7449071,128.4426267
벽진파출소,경상북도,성주군,벽진면 벽봉로 17,35.9490054,128.2172898
수륜파출소,경상북도,성주군,수륜면 참별로 917,35.8327124,128.1927333
가천파출소,경상북도,성주군,가천면 가천로 73,35.8850284,128.1651549
초전파출소,경상북도,성주군,초전면 대장길 111,35.9748707,128.2635817
선남파출소,경상북도,성주군,선남면 관화길 90,35.9013197,128.3517023
용암파출소,경상북도,성주군,용암면 운용로 1025,35.8354007,128.3369302
중부지구대,경상북도,성주군,성주읍 성밖숲길 151,35.917443,128.291375
진보파출소,경상북도,청송군,진보면 진보로 129 진보파출소,36.5288614,129.0458406
주왕산파출소,경상북도,청송군,주왕산면 이전앞길 5,36.3568954,129.1596864
현동파출소,경상북도,청송군,현동면 청송로 2667,36.2900051,129.0186943
안덕파출소,경상북도,청송군,안덕면 안덕로 95,36.2900102,128.9611835
현서파출소,경상북도,청송군,현서면 구산동로 43,36.2766595,128.8973857
청송파출소,경상북도,청송군,청송읍 금월로 273,36.4332415,129.0564013
부남파출소,경상북도,청송군,부남면 대전로 127,36.3452848,129.0638737
입암파출소,경상북도,영양군,입암면 입암로 72,36.5912983,129.0894489
석보파출소,경상북도,영양군,석보면 원리길 15,36.5573625,129.1248072
수비파출소,경상북도,영양군,수비면 한티로 459,36.7663583,129.1980875
청기파출소,경상북도,영양군,청기면 청기1길 9-6,36.6611773,129.062285
영양파출소,경상북도,영양군,영양읍 동서대로 29,36.6631176,129.1122379
부계파출소,경상북도,군위군,부계면 창평길 29,36.098908,128.665637
의흥파출소,경상북도,군위군,의흥면 읍내6길 7,36.175208,128.71718
중앙파출소,경상북도,군위군,군위읍 중앙길 73,36.235039,128.566227
효령파출소,경상북도,군위군,효령면 치산효령로 2383,36.15611,128.587133
성산파출소,경상북도,고령군,성산면 성산로 954,35.750858,128.365975
다산파출소,경상북도,고령군,다산면 평리1길 15-1,35.8257993,128.4539946
대가야지구대,경상북도,고령군,대가야읍 시장길 1길 5,35.7296952,128.268755
쌍림파출소,경상북도,고령군,대가야읍 대가야로 610,35.6793101,128.2425483
도동파출소,경상북도,울릉군,울릉읍 도동4길4,37.4837263,130.9049625
저동파출소,경상북도,울릉군,울릉읍 봉래길30-2,37.493846,130.9083221
서면파출소,경상북도,울릉군,서면 남양4길37,37.4677595,130.8383703
북면파출소,경상북도,울릉군,북면 천부1길20,37.541197,130.874275
신월지구대,경상남도,창원시,성산구 신사로45번길 35,35.2275978,128.6926797
가음정지구대,경상남도,창원시,성산구 원이대로863번길 22,35.2084541,128.6975345
중앙파출소,경상남도,창원시,성산구 원이대로566번길 27-19,35.226843,128.676425
반송파출소,경상남도,창원시,성산구 원이대로473번길 17,35.2354232,128.6699619
사파파출소,경상남도,창원시,성산구 대암로 113,35.2156168,128.7088024
신촌파출소,경상남도,창원시,성산구 봉양로 408,35.207576,128.627038
명곡지구대,경상남도,창원시,의창구 원이대로261번길 16-19,35.2443911,128.6510312
의창파출소,경상남도,창원시,의창구 의창대로266번길 11,35.2601636,128.6276258
팔용파출소,경상남도,창원시,의창구 창원대로397번길 30,35.2366749,128.6433868
동읍파출소,경상남도,창원시,의창구 동읍 의창대로 902,35.2787755,128.6892718
북면파출소,경상남도,창원시,의창구 천주로 1127,35.317763,128.6027555
대산파출소,경상남도,창원시,의창구 대산면 진산대로 415,35.3367277,128.7085914
신마산지구대,경상남도,창원시,마산합포구 문화남5길 52,35.1844382,128.5575359
완월파출소,경상남도,창원시,마산합포구 중앙남11길 12,35.1920735,128.5635415
남성파출소,경상남도,창원시,마산합포구 3·15대로 295,35.2032274,128.5701806
오동파출소,경상남도,창원시,마산합포구 천하장사로 111,35.2119839,128.5748529
교방파출소,경상남도,창원시,마산합포구 교방서1길 40,35.2130346,128.564575
구산파출소,경상남도,창원시,마산합포구 구산면 구산로562,35.1202196,128.5802489
진동파출소,경상남도,창원시,마산합포구 진동면 삼진의거대로 661,35.117177,128.489262
진전파출소,경상남도,창원시,마산합포구 진전면 대실로 156,35.1021404,128.419175
합성지구대,경상남도,창원시,마산회원구 합성남8길 21,35.2384561,128.5856344
양덕지구대,경상남도,창원시,마산회원구 양덕동2길 6,35.2218284,128.5899929
석전파출소,경상남도,창원시,마산회원구 석전동6길 20,35.230691,128.575304
산호파출소,경상남도,창원시,마산합포구 산호북15길 1,35.2180597,128.5818436
회원파출소,경상남도,창원시,마산회원구 회원남25길 73,35.218225,128.5644259
삼계파출소,경상남도,창원시,마산회원구 내서읍 삼계로 32,35.2321928,128.5012982
중리파출소,경상남도,창원시,마산회원구 내서읍 호원로164,35.2490671,128.5236916
비봉지구대,경상남도,진주시,비봉로33번길 2,35.193783,128.0806452
상대지구대,경상남도,진주시,동진로 263,35.1804391,128.119942
남강지구대,경상남도,진주시,창렬로7번길 12,35.1895981,128.0720883
진양호지구대,경상남도,진주시,평거로 42,35.1738506,128.0651781
하대지구대,경상남도,진주시,대신로 323-6,35.1894438,128.1162778
개양파출소,경상남도,진주시,진주대로 560,35.1568011,128.107802
충무공파출소,경상남도,진주시,충무공동 충의로 149,35.174799,128.149903
문산파출소,경상남도,진주시,문산읍 동부로587번길 1,35.1676437,128.1640712
금산파출소,경상남도,진주시,금산면 금산로 111,35.2138012,128.1483085
일반성파출소,경상남도,진주시,일반성면 창촌길 27-1,35.1721493,128.2776451
지수파출소,경상남도,진주시,지수면 지수로 492,35.2353937,128.2702863
수곡파출소,경상남도,진주시,수곡면 곤수로 903,35.1943988,127.937529
대곡파출소,경상남도,진주시,대곡면 진의로 1065,35.2622183,128.1685085
연지지구대,경상남도,김해시,내외중앙로 118,35.2402296,128.8682668
신어지구대,경상남도,김해시,삼안로217번길 32,35.2467583,128.9078819
왕릉지구대,경상남도,김해시,해반천로168번길 8,35.2629137,128.86808
중앙지구대,경상남도,김해시,가락로 30,35.22912,128.8825237
상동파출소,경상남도,김해시,상동면 상동로 553,35.308142,128.930275
대동파출소,경상남도,김해시,대동면 대동로 597,35.2431848,128.9798173
생림파출소,경상남도,김해시,봉림로 21,35.3263365,128.8491569
장유지구대,경상남도,김해시,계동로 102번길 19,35.1861141,128.7960614
율하파출소,경상남도,김해시,율하숲길 12,35.1696069,128.8234381
진영파출소,경상남도,김해시,진영읍 진영로 167,35.3032957,128.7313366
한림파출소,경상남도,김해시,한림면 한림로 453,35.325447,128.7982922
진례파출소,경상남도,김해시,진례면 진례로 235,35.2484155,128.7482124
주촌파출소,경상남도,김해시,주촌면 서부로1638번길 7,35.2359431,128.831328
칠산파출소,경상남도,김해시,칠산로459번길 15,35.2123701,128.8516913
물금지구대,경상남도,양산시,물금읍 가촌로 61,35.3175146,128.9894575
증산파출소,경상남도,양산시,물금읍 증산리 1747-1,35.3083384,129.0065826
덕계파출소,경상남도,양산시,덕계로 95,35.3760116,129.1526032
서창파출소,경상남도,양산시,삼호로 158,35.4125877,129.1730232
중앙파출소,경상남도,양산시,북안남5길 11-16,35.3460124,129.0403125
삼성파출소,경상남도,양산시,북정11길 4,35.3616189,129.0481992
동면파출소,경상남도,양산시,동면 내송로 39,35.3231362,129.0618467
상북파출소,경상남도,양산시,상북면 상북중앙로 394,35.4179592,129.0632706
하북파출소,경상남도,양산시,하북면 신평로 24,35.4905541,129.0872019
양주파출소,경상남도,양산시,양주로 34,35.3315662,129.0269334
소주파출소,경상남도,양산시,대평들 1길 9-17,35.4140279,129.1642811
평산파출소,경상남도,양산시,평산로 79,35.3815579,129.1462869
신현지구대,경상남도,거제시,고현천로 135,34.8807654,128.6306712
옥포지구대,경상남도,거제시,옥포로22길 21,34.8954699,128.6929958
장평지구대,경상남도,거제시,장평1로 154,34.8918891,128.6043964
장승포지구대,경상남도,거제시,장승로 109,34.8643747,128.7227997
아주지구대,경상남도,거제시,아주로 47,34.8646418,128.6897529
연초파출소,경상남도,거제시,연초면 거제대로 4275,34.9117363,128.6532226
거제파출소,경상남도,거제시,거제면 거제남서로 3431,34.8473935,128.5887742
동부파출소,경상남도,거제시,동부면 거제남서로 3118,34.8263752,128.6058938
장목파출소,경상남도,거제시,장목면 거제북로 1165,34.9872714,128.6808914
덕산지구대,경상남도,창원시,"진해구 덕산로 36번길 9, 덕산지구대",35.1449197,128.7039493
용원지구대,경상남도,창원시,"진해구 용원로41번길 12, 용원지구대",35.1007073,128.8143491
충무파출소,경상남도,창원시,"진해구 벚꽃로 36, 충무파출소",35.1496957,128.6606218
경화파출소,경상남도,창원시,"진해구 충장로 329, 경화파출소",35.1537698,128.6881769
웅동파출소,경상남도,창원시,"진해구 웅동로57번가길 5, 웅동파출소",35.1255877,128.7824118
자은파출소,경상남도,창원시,"진해구 장복대로 157, 자은파출소",35.1540038,128.7131386
광도지구대,경상남도,통영시,광도면 죽림3로 25,34.8830782,128.4163492
북신지구대,경상남도,통영시,무전대로 40,34.8598214,128.4249836
미수지구대,경상남도,통영시,운하2길 17,34.8323469,128.4118977
중앙지구대,경상남도,통영시,중앙로 170,34.8466899,128.4242797
산양파출소,경상남도,통영시,산양읍 산양중앙로 1,34.8013662,128.38826
욕지파출소,경상남도,통영시,욕지면 천왕로 29,34.63629,128.2647222
한산파출소,경상남도,통영시,한산면 한산일주로 840-1,34.7672302,128.507946
사량파출소,경상남도,통영시,사량면 진촌2길 17,34.8445073,128.2250564
삼천포지구대,경상남도,사천시,중앙로 89(동금동),34.9341289,128.0768448
사천지구대,경상남도,사천시,사천읍 평화2길 31(평화리),35.0831037,128.0878458
용현파출소,경상남도,사천시,진삼로 635(송지리),35.0131627,128.0615182
남양파출소,경상남도,사천시,진삼로 122(송포동),34.9681293,128.0646055
사남파출소,경상남도,사천시,진삼로 1101(죽천리),35.0522169,128.0743785
곤양파출소,경상남도,사천시,곤양면 성내공원길 8(성내리),35.0575719,127.9602763
서포파출소,경상남도,사천시,서포면 서포로 284-16(구평리),35.0085819,127.9760655
곤명파출소,경상남도,사천시,곤명면 곤명1로 105(봉계리),35.1116148,127.9395879
중앙지구대,경상남도,밀양시,밀양대로 1879,35.4912705,128.7449381
역전파출소,경상남도,밀양시,중앙로 65,35.4735655,128.7702259
하남파출소,경상남도,밀양시,하남읍 수산중앙로 41-1,35.3749404,128.7098604
삼랑진파출소,경상남도,밀양시,삼랑진읍 천태로 70-2,35.3995598,128.8426071
상남파출소,경상남도,밀양시,상남면 밀양대로 1495,35.4653622,128.75805
무안파출소,경상남도,밀양시,무안면 사명로 543,35.4731089,128.6528999
부북파출소,경상남도,밀양시,부북면 부북로 43,35.512298,128.7284622
산외파출소,경상남도,밀양시,산외면 산외로 429,35.5023351,128.8152289
산내파출소,경상남도,밀양시,산내면 산내로 323-1,35.5846002,128.8800581
단장파출소,경상남도,밀양시,단장면 표충로 356,35.5147333,128.8753617
아림지구대,경상남도,거창군,거창읍 중앙로1길 20-5,35.6876895,127.9142232
원학파출소,경상남도,거창군,위천면 장터길 22-5,35.7497267,127.8336383
가조파출소,경상남도,거창군,거창읍 가조가야로 1079,35.710063,128.0128442
웅양파출소,경상남도,거창군,웅양면 웅양로 1432,35.8051318,127.91873
남상파출소,경상남도,거창군,남상면 수남로 1845,35.6449255,127.909075
신원파출소,경상남도,거창군,신원면 과정리 187-7,35.5678142,127.925275
고제파출소,경상남도,거창군,고제면 입석2길 14번지,35.8137965,127.8719156
중부지구대,경상남도,합천군,합천읍 충효로 106-5,35.5698901,128.1625355
가야파출소,경상남도,합천군,가야면 가야시장로 19,35.7563033,128.138606
대병파출소,경상남도,합천군,대병면 신성동길 20,35.5218095,128.0143786
삼가파출소,경상남도,합천군,삼가면 삼가1로 73,35.4148653,128.120851
야로파출소,경상남도,합천군,야로면 가야산로 343,35.70511,128.168425
봉산파출소,경상남도,합천군,봉산면 서부로 4337,35.6272561,128.0425356
동부파출소,경상남도,합천군,초계면 초계중앙로 43,35.5593806,128.2648953
영산지구대,경상남도,창녕군,영산면 영산계성로 96,35.459767,128.5257997
창녕읍파출소,경상남도,창녕군,창녕읍 종로 61,35.5427738,128.4991574
남지파출소,경상남도,창녕군,남지읍 선창길 9,35.3884673,128.4823361
부곡파출소,경상남도,창녕군,부곡면 원앙로 188,35.4375009,128.5892679
대합파출소,경상남도,창녕군,대합면 창한로 121,35.6144987,128.4715634
유어파출소,경상남도,창녕군,유어면 우포1대로 563,35.5070094,128.4098417
이방파출소,경상남도,창녕군,이방면 뒷골길 3,35.5777931,128.3881559
공룡지구대,경상남도,고성군,대가면 대가로 27,34.9839687,128.3184368
동해파출소,경상남도,고성군,동해면 장기3길 136,35.0419823,128.4228905
거류파출소,경상남도,고성군,거류면 거류로 655,34.989546,128.404536
회화파출소,경상남도,고성군,회화면 배둔로19,35.0568372,128.3681453
하이파출소,경상남도,고성군,하이면 남일로 433,34.928581,128.122479
상리파출소,경상남도,고성군,상리면 척번정1길 98,34.9994749,128.18693
영오파출소,경상남도,고성군,영오면 영산1길 11,35.1077404,128.23725
화개파출소,경상남도,하동군,화개면 쌍계로 8,35.1874862,127.6249752
악양파출소,경상남도,하동군,악양면 악양서로 343,35.1611124,127.7087696
횡천파출소,경상남도,하동군,횡천면 경서대로 1207,35.1095464,127.8173455
금남파출소,경상남도,하동군,금남면 제먼당길 99,34.9493092,127.8600831
금성파출소,경상남도,하동군,금성면 금성중앙길 2,34.9658024,127.7929131
옥종파출소,경상남도,하동군,옥종면 은행나무길 78,35.1803094,127.8792618
읍내파출소,경상남도,하동군,하동읍 중앙로 36,35.070841,127.7488779
진교파출소,경상남도,하동군,진교면 민다리안길 114,35.0260098,127.9032186
중앙지구대,경상남도,남해군,남해읍 화전로96번길 30 중앙지구대,34.8397689,127.8971417
창선파출소,경상남도,남해군,창선면 창선로 99 창선파출소,34.8576863,128.012576
고현파출소,경상남도,남해군,고현면 탑동로 75-4 고현파출소,34.8979571,127.872075
미조파출소,경상남도,남해군,미조면 미송로 52 미조파출소,34.712334,128.0456278
삼동파출소,경상남도,남해군,삼동면 동부대로1876번길 8 삼동파출소,34.8314653,128.0005355
남면파출소,경상남도,남해군,남면 남서대로 774 남면파출소,34.7712014,127.8872145
읍내파출소,경상남도,함양군,함양읍 교산4길 11,35.5235685,127.7307677
안의파출소,경상남도,함양군,안의면 금성길 15,35.6291758,127.8106928
서상파출소,경상남도,함양군,서상면 서상로 299-1,35.68247,127.685745
수동파출소,경상남도,함양군,수동면 수동길 11,35.5223314,127.7860733
유림파출소,경상남도,함양군,유림면 천왕봉로 2883,35.4673914,127.7915195
백전파출소,경상남도,함양군,백전면 구산대안로 10,35.5523447,127.6360341
마천파출소,경상남도,함양군,마천면 천왕봉로 1157,35.3962403,127.6642074
경호지구대,경상남도,산청군,산청읍 중앙로 34,35.4148129,127.8780817
시천파출소,경상남도,산청군,시천면 덕산대포로 7-2,35.2779753,127.8379381
단성파출소,경상남도,산청군,단성면 목화로 1006,35.2997595,127.9597021
신안파출소,경상남도,산청군,신안면 지리산대로 3477,35.3035926,127.9723008
신등파출소,경상남도,산청군,신등면 신등가회로 21,35.3792845,128.0108854
대산파출소,경상남도,함안군,대산면 대산중앙로 174,35.3499722,128.4316403
법수파출소,경상남도,함안군,법수면 우거북길 48,35.3154234,128.3536197
함안파출소,경상남도,함안군,함안면 함안대로 111,35.2421573,128.4220241
칠서파출소,경상남도,함안군,칠서면 청계2길 27,35.3334976,128.4983736
군북파출소,경상남도,함안군,군북면 함마대로 822,35.262189,128.3473636
가야지구대,경상남도,함안군,가야읍 가야로 24,35.2769583,128.4038375
칠원지구대,경상남도,함안군,칠원읍 구성길 9,35.3091859,128.5178672
중부지구대,경상남도,의령군,의령읍 의병로 176,35.3188749,128.2559214
유곡파출소,경상남도,의령군,유곡면 마장로18-1,35.4334,128.313152
정곡파출소,경상남도,의령군,정곡면 법정로 930,35.3798301,128.3263431
지정파출소,경상남도,의령군,지정면 함의로 1527,35.3828915,128.3862599
칠곡파출소,경상남도,의령군,칠곡면 칠곡로 32,35.3409071,128.192225
화정파출소,경상남도,의령군,화정면 화정로 297,35.2775414,128.2113521
부림파출소,경상남도,의령군,부림면 대한로 1757,35.4661513,128.324225
