County,City,Town,Address,Store_Name,Store_Type,Latitude,Longitude
경상남도,김해시,신문동,506-4,롯데슈퍼 김해신문점,구분없음,35.1955769,128.8150481
경상남도,밀양시,삼문동,720-24,노브랜드 밀양삼문점,대형마트,35.4817623,128.7495707
경상남도,김해시,삼정동,941 메가마트 김해점,메가마트 김해점,대형마트,35.226406,128.9008004
경상남도,창원시,의창구,명서동 27 두산위브아파트,GS THE FRESH 창원명서점,그 밖의 대규모점포,35.2527858,128.644489
경상남도,창원시,성산구,대원동 36-5,GS THE FRESH 창원대원점,그 밖의 대규모점포,35.2344418,128.6517655
경상남도,김해시,율하동,1333-4,GS THE FRESH 김해율하점,구분없음,35.172942,128.8144289
경상북도,구미시,고아읍,원호리 223-3,Market Ville,대형마트,36.1572008,128.3333918
경상남도,진주시,호탄동,740 외 26필지,몰 오브 진주,복합쇼핑몰,35.1600539,128.1129579
전라북도,김제시,용지면,부교리 57-22 모다아울렛,모다아울렛,대형마트,35.8171409,126.9932696
경상남도,창원시,마산합포구,산호동 10-3 신세계백화점,(주)신세계 마산점,백화점,35.2196117,128.5863598
경상남도,창원시,진해구,남문동 1275-1 리젠시빌란트더웰 상가동,GS THE FRESH 진해남문점,그 밖의 대규모점포,35.1057161,128.7572167
경상남도,창원시,마산합포구,중앙동3가 4-1 이마트,이마트 마산점,대형마트,35.1978635,128.5697433
경상남도,창원시,성산구,중앙동 91 창원이마트,이마트 창원점,대형마트,35.2263759,128.6799532
경상남도,진주시,정촌면,"예하리 1279-1 2, 9, 10",진주남부농협 하나로마트,그 밖의 대규모점포,35.1303179,128.1002841
경상남도,창원시,성산구,대방동 355 성원3차아파트상가,성원3차종합상가,그 밖의 대규모점포,35.2148396,128.7068887
경상남도,김해시,무계동,77,장유여객터미널 상업시설,그 밖의 대규모점포,35.200504,128.8195499
전라북도,김제시,검산동,838,홈플러스(주) 김제점,대형마트,35.7996959,126.9028556
경상남도,창원시,의창구,팔용동 30-3 삼성홈플러스,홈플러스 창원점,대형마트,35.234132,128.6436922
경상남도,창원시,진해구,이동 536-10 홈플러스진해점,홈플러스 진해점,대형마트,35.1532041,128.6911398
경상남도,창원시,마산회원구,양덕동 151-1 삼성홈플러스,홈플러스 마산점,대형마트,35.222666,128.5857543
경상남도,하동군,화개면,탑리 763-2,롯데슈퍼 화개장터 가맹점,그 밖의 대규모점포,35.1870474,127.6251684
경상남도,창원시,의창구,중동 792,스타필드 창원,복합쇼핑몰,35.2544613,128.6231489
경상남도,김해시,신문동,1283-3,GS THE FRESH 장유신문점,구분없음,35.1935589,128.8116239
경상남도,합천군,합천읍,합천리 698,롯데슈퍼(주) 롯데슈퍼 합천점,그 밖의 대규모점포,35.5639006,128.1604809
경상북도,안동시,용상동,1517-155,GS THE FRESH 안동강변점,그 밖의 대규모점포,36.5557296,128.7512389
전라북도,전주시,덕진구,송천동2가 1313 포레나 전주 에코시티,포레나 전주 에코시티 판매시설,그 밖의 대규모점포,35.8749108,127.1288354
전라남도,무안군,일로읍,오룡리 97,(주)이마트에브리데이 무안오룡점,구분없음,34.8050551,126.483992
경상북도,김천시,부곡동,874-12,김천농협 로컬푸드복합문화센터,그 밖의 대규모점포,36.1259681,128.093147
경상남도,사천시,정동면,고읍리 438-5 서원유통(주)탑마트사천점,(주)서원유통 탑마트 사천점,그 밖의 대규모점포,35.0793956,128.086953
경상남도,사천시,벌리동,270-3 롯데슈퍼,롯데슈핑(주)롯데슈퍼 삼천포점,그 밖의 대규모점포,34.9421002,128.086323
경상남도,함양군,함양읍,교산리 167-2 롯데슈퍼,테스트,그 밖의 대규모점포,35.5213429,127.7309058
경상남도,창원시,진해구,경화동 1174-3,탑마트 진해경화점,그 밖의 대규모점포,35.1535956,128.6822845
경상남도,창원시,마산합포구,월영동 738 마린애시앙부영,(주)이마트에브리데이 월영마린애시앙점,그 밖의 대규모점포,35.1742379,128.5646018
전라북도,전주시,덕진구,송천동2가 488-3,파인트리몰,그 밖의 대규모점포,35.86736,127.120909
경상북도,경산시,하양읍,양지리 262,(주)이마트에브리데이 경산무학점,그 밖의 대규모점포,35.919223,128.8086908
경상남도,창원시,성산구,성주동 100 더 스퀘어,(주)이마트에브리데이 창원더스퀘어점,구분없음,35.2038448,128.7116559
전라북도,전주시,덕진구,송천동2가 1329-1 로마네시티,로마네시티,그 밖의 대규모점포,35.8730644,127.1246375
전라북도,임실군,임실읍,이도리 236-13,(주)이마트에브리데이 전북임실점,복합쇼핑몰,35.6144915,127.2843726
전라남도,광양시,중동,1811-1 홈플러스 광양점,홈플러스 광양점,대형마트,34.9283716,127.6948092
경상남도,김해시,주촌면,주촌선천지구 도시개발구역 30B 8L,코스트코 홀세일 김해점,대형마트,35.235826,128.830638
경상남도,창원시,마산합포구,월영동 703-2 대동아파트,(주)지에스리테일 마산월영점,대형마트,35.1751188,128.5580751
경상남도,창원시,마산합포구,월영동 738 마린애시앙부영,(주)지에스리테일 월영마린점,대형마트,35.1742379,128.5646018
전라북도,전주시,덕진구,송천동2가 1329-2 전주 에코시티 이마트,전주에코시티 DK-mall,쇼핑센터,35.8724343,127.1238144
전라남도,무안군,일로읍,오룡리 6 호반써밋APT,롯데슈퍼오룡가맹점,그 밖의 대규모점포,34.8072929,126.4884328
전라북도,전주시,덕진구,장동 1111 전북혁신도시 더 M city 센텀,전북혁신도시 대방디엠시티,그 밖의 대규모점포,35.8390163,127.060152
경상남도,진주시,인사동,3번지,(주)이마트 진주점,대형마트,35.1915891,128.0774185
경상남도,통영시,광도면,죽림리 1566번지 2호 이마트통영점,(주)이마트 통영점,쇼핑센터,34.8879109,128.4174753
경상남도,창원시,의창구,중동 785번지 창원중동유니시티2단지,(주)지에스리테일 창원유니시티점,대형마트,35.2563556,128.626939
경상북도,문경시,점촌동,195번지 9호,노브랜드 문경중앙시장점,복합쇼핑몰,36.5944126,128.1971912
경상남도,통영시,무전동,1069호,롯데쇼핑(주)롯데마트통영점,대형마트,34.8607183,128.4281991
경상북도,경주시,용강동,425-1,노브랜드 경주 용강점,그 밖의 대규모점포,35.8810529,129.2303125
경상북도,문경시,모전동,862번지,노브랜드문경모전점,그 밖의 대규모점포,36.5858357,128.1897087
경상남도,김해시,삼방동,175번지 홈플러스,일등마트,그 밖의 대규모점포,35.2457475,128.908081
경상남도,창원시,진해구,자은동 143-1,노브랜드 진해자은점,그 밖의 대규모점포,35.1551322,128.7127169
경상남도,창원시,마산합포구,우산동 99,노브랜드 현동점 주식회사,그 밖의 대규모점포,35.1516909,128.5525631
경상남도,양산시,물금읍,가촌리 1292번지 라피에스타,라피에스타 양산,그 밖의 대규모점포,35.3098713,129.0093999
경상북도,경주시,신평동,375번지 4호,모다아울렛 경주보문점,전문점,35.8428484,129.2858243
경상북도,안동시,서부동,149번지 40호,노브랜드 안동구시장점,복합쇼핑몰,36.5655999,128.7301084
경상남도,창원시,의창구,사림동 106번지 6호,(주)이마트에브리데이 창원사림점,그 밖의 대규모점포,35.2476161,128.6786877
경상북도,경주시,용강동,1290-2,이마트에브리데이 경주용강점,그 밖의 대규모점포,35.8770158,129.2283462
경상북도,포항시,북구,장성동 977번지,롯데쇼핑(주) 롯데슈퍼 포항장성점,구분없음,36.0692081,129.3731822
경상남도,창원시,성산구,상남동 44번지 1호 대동백화점,노브랜드 창원대동점,그 밖의 대규모점포,35.2194884,128.6884832
경상북도,포항시,북구,창포동 산 32번지 11호,(주)GS리테일 창포메트로점,구분없음,36.0705437,129.3663952
경상남도,김해시,동상동,1117번지,캐슬아리스타궁,그 밖의 대규모점포,35.2393688,128.885799
경상북도,경주시,용강동,1611 협성휴포레용황,롯데슈퍼 용황점,그 밖의 대규모점포,35.8847382,129.2272284
경상남도,창원시,마산회원구,석전동 259번지 4호,김기민,대형마트,35.2295718,128.5762486
전라북도,진안군,진안읍,군하리 309번지 4호,롯데쇼핑(주)롯데슈퍼 진안점,그 밖의 대규모점포,35.7858643,127.4225472
전라남도,광양시,광양읍,덕례리 739번지,LF 스퀘어 테라스몰 광양점,복합쇼핑몰,34.9636207,127.5663193
전라북도,군산시,조촌동,450-21 외 3필지,롯데쇼핑 주식회사 아울렛 군산점,복합쇼핑몰,35.976449,126.7385869
전라남도,무안군,삼향읍,남악리 2622번지,롯데쇼핑(주) 남악점,백화점,34.8025561,126.4650565
경상남도,창원시,의창구,서상동 666번지 5호,킹덤시티,그 밖의 대규모점포,35.2609041,128.6261157
경상남도,김해시,외동,1264번지,김해터미널쇼핑센터,쇼핑센터,35.229141,128.8721389
경상남도,진주시,신안동,581번지 1호,(주)지에스리테일 진주신안점,구분없음,35.180049,128.0656083
경상남도,사천시,벌리동,58번지 3호,홈플러스 삼천포점,대형마트,34.9404737,128.0799674
전라남도,순천시,해룡면,남가리 43번지 2호,모다아울렛(MODAoutlet)순천만플라자,전문점,34.9265772,127.5444938
경상북도,구미시,구포동,"1079번지 1080, 1081",해마루밸리,쇼핑센터,36.1348449,128.4281186
경상남도,김해시,부원동,1043번지,아이스퀘어몰,쇼핑센터,35.2251683,128.884589
경상남도,진주시,충무공동,35번지,롯데몰 진주점,복합쇼핑몰,35.1801162,128.1399333
경상남도,거제시,옥포동,443번지 옥포아파트,롯데쇼핑(주) 롯데마트 거제점,대형마트,34.8907194,128.6870035
경상남도,진주시,평안동,195번지 한화갤러리아백화점,한화갤러리아(주) 진주점,백화점,35.1966901,128.0823418
경상남도,김해시,진영읍,내룡리 76번지,"넥스틸(주), (주)대성철강",전문점,35.2896538,128.7623138
경상북도,경주시,동부동,105번지 1호,탑마트 경주동부점,구분없음,35.8460365,129.2123938
경상북도,경주시,황성동,903번지 8호,탑마트 경주황성점,구분없음,35.86627,129.2104568
경상북도,경주시,안강읍,안강리 366번지 2호,탑마트 안강점,구분없음,35.988565,129.2256847
경상남도,진주시,하대동,315호,삼전프라자상가,쇼핑센터,35.1927732,128.121192
경상남도,통영시,봉평동,156번지 10호,(주)서원유통 탑마트 통영점,구분없음,34.832114,128.4149306
경상남도,진주시,상대동,181-1 홈플러스,홈플러스 진주점,대형마트,35.1875794,128.1177079
전라남도,순천시,덕암동,169호 외 4필지,(주)이마트 순천점,대형마트,34.9424182,127.5087398
전라남도,순천시,풍덕동,300번지,홈플러스(주)순천풍덕점,대형마트,34.9400589,127.5090201
경상남도,진주시,정촌면,예하리 1277번지 3호,모다아울렛 진주2호점,전문점,35.1312142,128.0983284
경상남도,진주시,정촌면,예하리 1276번지 1호,모다아울렛 진주1호점,전문점,35.1323509,128.0984731
경상남도,진주시,평거동,921 탑마트 진주평거점,(주)서원유통 탑마트 서진주점,쇼핑센터,35.1703696,128.0619125
경상북도,김천시,신음동,470번지,롯데쇼핑(주) 롯데마트 김천점,쇼핑센터,36.1360228,128.1177695
경상북도,경주시,노동동,140번지 6호,(주)준성공,백화점,35.8437253,129.2135234
경상북도,경주시,천군동,205-46,롯데슈퍼 보문점,그 밖의 대규모점포,35.8369587,129.2853649
경상남도,김해시,부원동,부원역세권지구 A-1블럭,롯데쇼핑(주) 롯데마트 김해점,대형마트,35.228715,128.886565
경상북도,김천시,아포읍,송천리 산 31번지 1호,모다아울렛 김천구미점,전문점,36.1547409,128.2822675
경상북도,경산시,중방동,896번지,홈플러스 경산점,대형마트,35.8328437,128.7356743
경상남도,양산시,평산동,96번지,트레이더스 홀세일클럽 양산점,그 밖의 대규모점포,35.3822849,129.1527963
경상북도,경산시,하양읍,금락리 35번지 6호,하양공설시장,그 밖의 대규모점포,35.9089675,128.8074211
경상북도,영주시,풍기읍,창락리 160번지 6호,소백산인삼시장,그 밖의 대규모점포,36.8854348,128.4803433
경상남도,창원시,성산구,상남동 80번지,롯데백화점 창원점 신관,백화점,35.2245846,128.6830106
경상남도,김해시,외동,1249번지,(주)프리마건설,그 밖의 대규모점포,35.2321577,128.8611435
전라북도,남원시,향교동,2-6 롯데마트,롯데쇼핑(주) 롯데마트 남원점,대형마트,35.4233334,127.3927762
경상남도,김해시,외동,1251 대동아파트 주상가 111동 109호,메가마트 외동점,구분없음,35.2336123,128.8642126
경상남도,진주시,주약동,156번지 5호,롯데쇼핑(주) 롯데슈퍼 주약가맹점,구분없음,35.1763998,128.0908737
경상남도,진주시,문산읍,삼곡리 1279번지 1호,롯데쇼핑(주) 롯데슈퍼문산가맹점,구분없음,35.1673043,128.1632738
경상북도,성주군,성주읍,성산리 661번지 5호,이마트에브리데이 성주점,복합쇼핑몰,35.9177486,128.2891377
경상북도,구미시,봉곡동,33번지 3호 외 7필지,금오G7 스퀘어,대형마트,36.1614255,128.3065948
경상북도,영주시,휴천동,698번지 13호,영주농협남부지점 하나로마트,구분없음,36.8177368,128.6295816
경상북도,영주시,영주동,549번지 4호,영주농협하나로마트중앙점,구분없음,36.8238289,128.622737
경상북도,성주군,성주읍,예산리 339번지 3호,롯데쇼핑(주)롯데슈퍼 성주점,그 밖의 대규모점포,35.9217764,128.288929
경상북도,안동시,운흥동,247-28 홈플러스,홈플러스(주) 안동점,대형마트,36.5625739,128.72955
경상남도,사천시,동금동,88번지 4호,(주)서원유통 탑마트 삼천포점,그 밖의 대규모점포,34.9328363,128.0783082
경상남도,진주시,신안동,582-8,홈플러스(주)익스프레스 신안점,구분없음,35.1776516,128.0638148
경상남도,합천군,합천읍,합천리 698번지 2호,롯데쇼핑(주)롯데슈퍼 합천점,그 밖의 대규모점포,35.5639006,128.1604809
경상남도,밀양시,삼문동,203번지 12호,(주)서원유통 탑마트 밀양삼문점,쇼핑센터,35.4842384,128.7539787
경상남도,창원시,마산회원구,양덕동 84번지 14호,롯데쇼핑(주) 롯데마트 양덕점,대형마트,35.2268359,128.5827043
전라남도,나주시,송월동,1106번지 2호,롯데쇼핑(주) 롯데마트 나주점,대형마트,35.0136517,126.7133512
경상남도,진주시,평안동,195번지 한화갤러리아백화점,갤러리아백화점 진주점,백화점,35.1966901,128.0823418
경상북도,영주시,휴천동,693번지 9호,롯데쇼핑(주)롯데슈퍼 영주점,구분없음,36.8164977,128.6278469
경상남도,양산시,북부동,228번지 8호,(주)서원유통 탑마트 양산북부점,대형마트,35.3495451,129.042427
경상남도,양산시,삼호동,861번지 웅상신도시푸르지오 116(주상가)동 101호,홈플러스(주) 익스프레스 삼호점,전문점,35.4056665,129.1727592
경상남도,양산시,북정동,903번지 3호,(주)서원유통 탑마트 양산북정점,대형마트,35.3573983,129.0415362
경상남도,양산시,덕계동,732번지,(주)메가마트 덕계점,구분없음,35.3738472,129.1513125
전라남도,고흥군,고흥읍,남계리 231번지 1호,(주)이마트에브리데이 고흥점,그 밖의 대규모점포,34.6162869,127.29168
경상북도,문경시,점촌동,272번지 36호,(주)지에스리테일 문경점,그 밖의 대규모점포,36.5943457,128.1999248
경상남도,거제시,상동동,34번지,홈플러스(주)익스프레스 거제상동점,구분없음,34.8643612,128.6401692
경상남도,거제시,고현동,988번지 32호,홈플러스(주)익스프레스 거제고현점,구분없음,34.8961817,128.628782
경상남도,거제시,장승포동,342번지,(주)서원유통 탑마트 장승포점,구분없음,34.8710902,128.7303438
전라북도,군산시,나운동,155번지 세경아파트상가 지하 1층,이마트에브리데이 나운동점,그 밖의 대규모점포,35.9608189,126.7016665
경상남도,김해시,진영읍,진영리 1612-1,홈플러스 익스프레스 김해진영점,구분없음,35.3083267,128.7306218
경상남도,양산시,중부동,685번지 2호,(주)모다이노칩 양산점,전문점,35.3389181,129.0279689
전라북도,임실군,관촌면,관촌리 497번지,오수관촌농협관촌지점하나로마트,그 밖의 대규모점포,35.6744265,127.2705264
경상북도,포항시,북구,우현동 115번지 2호,(주)서원유통 탑마트 포항우현점,구분없음,36.0504633,129.3594458
전라북도,임실군,임실읍,이도리,임실축협하나로마트,그 밖의 대규모점포,35.618013,127.280298
전라북도,임실군,강진면,갈담리 279번지,임실농협 강진하나로마트,그 밖의 대규모점포,35.5298714,127.16308
전라북도,임실군,오수면,오수리 328번지,오수관촌농협 오수하나로마트,그 밖의 대규모점포,35.5376453,127.3285632
전라북도,임실군,임실읍,이도리 233번지 3호,임실농협 임실하나로마트,그 밖의 대규모점포,35.6144317,127.2830643
경상남도,진주시,평거동,204번지 1호,(주)지에스리테일 진주평거점,구분없음,35.1730105,128.0608661
경상남도,김해시,어방동,499 대우유토피아아파트상가 B102호,홈플러스 익스프레스 김해어방점,구분없음,35.2432877,128.9013347
경상북도,청도군,청도읍,고수8리 817번지 1호,(주)서원유통 탐마트 청도점,그 밖의 대규모점포,35.650666,128.743767
전라남도,목포시,연산동,346번지,유한회사 롯데프레쉬연산가맹점,그 밖의 대규모점포,34.8121656,126.3848606
경상남도,함양군,함양읍,교산리 167번지 2호,롯데쇼핑(주)롯데슈퍼함양점,복합쇼핑몰,35.5213429,127.7309058
경상북도,포항시,남구,구룡포읍 구룡포리 963번지 1호 외 1필지,구룡포농협 하나로마트,그 밖의 대규모점포,35.9902891,129.5544245
경상북도,포항시,북구,죽도동 580번지 4호,포항농협 하나로마트 동부점,그 밖의 대규모점포,36.0343518,129.369456
경상북도,포항시,북구,죽도동 20번지 113호 외 2필지,(주)서원유통 탑마트 포항죽도점,구분없음,36.0334658,129.3687985
경상북도,포항시,북구,기계면 현내리 473번지 1호,서포항농협 하나로마트 기동점,그 밖의 대규모점포,36.0696053,129.2097368
경상북도,포항시,북구,청하면 미남리 385번지 2호,신포항농협 하나로마트,그 밖의 대규모점포,36.1974769,129.3389573
경상북도,포항시,북구,죽도동 641번지 1호 외 8필지,롯데쇼핑(주)롯데슈퍼 포항점,복합쇼핑몰,36.0213455,129.3549523
경상남도,창원시,의창구,팔용동 164-13,(주)서원유통 탑마트 뉴창원점,복합쇼핑몰,35.257527,128.6094744
경상남도,창원시,성산구,남양동 24번지 피오르빌아파트상가 지하1층,홈플러스익스프레스 창원남양점,구분없음,35.209595,128.7017486
경상남도,창원시,마산회원구,석전1동 259번지 4호,(주)서원유통 탑마트 마산석전점,그 밖의 대규모점포,35.220932,128.579706
경상남도,창원시,마산회원구,내서읍 호계리 385번지 2호 외 1필지,(주)서원유통 탑마트 마산호계점,그 밖의 대규모점포,35.2592673,128.521969
경상남도,창원시,마산합포구,오동동 18번지 61호 기산프라자,(주)서원유통 탑마트 마산점,그 밖의 대규모점포,35.2066891,128.5805769
경상남도,창원시,성산구,반지동 23 대동아파트,탑마트 창원반지점,그 밖의 대규모점포,35.2446908,128.6699975
경상북도,구미시,형곡1동,143번지 19호 외 2필지,(주)이마트에브리데이 형곡동점,그 밖의 대규모점포,36.1144009,128.337389
경상남도,창원시,성산구,상남동 45번지 1호 스카이웰빙파크,롯데쇼핑(주)롯데슈퍼상남점,구분없음,35.2166948,128.6920668
경상북도,안동시,송현동,564번지,안동봉화축산업협동조합 하나로마트,대형마트,36.5731298,128.6854944
경상남도,창원시,성산구,반림동 17번지 9호,반송아이필프라자,그 밖의 대규모점포,35.2360475,128.6710769
경상남도,창원시,마산합포구,해운동 34번지,(주)GS지에스리테일 마산점,그 밖의 대규모점포,35.1799131,128.5608229
경상남도,창원시,마산회원구,회원동 50번지 5호 천지리치빌,(주)GS지에스리테일 마산회원점,구분없음,35.2201177,128.5710473
경상남도,창원시,진해구,여좌동 761번지 46호,(주)GS지에스리테일 진해여좌점,그 밖의 대규모점포,35.1535024,128.6619343
경상남도,창원시,성산구,대방동 363번지 2호,(주)지에스리테일 대방점,그 밖의 대규모점포,35.2087276,128.7071536
경상남도,창원시,성산구,상남동 45번지 1호 성원주상가,지에스 더프레시(GS THE FRESH) 토월점,그 밖의 대규모점포,35.2166948,128.6920668
경상북도,포항시,북구,두호동 1103번지 2호,(주)지에스리테일 포항창포점,구분없음,36.0639321,129.3714994
경상북도,포항시,북구,죽도동 607번지 1호,(주)지에스리테일 포항죽도점,구분없음,36.0248831,129.3601631
경상북도,포항시,북구,두호동 1087번지,(주)지에스리테일 포항두호점,구분없음,36.0641957,129.3826034
전라북도,전주시,완산구,효자동1가 431번지 5호,홈플러스(주) 전주효자점,대형마트,35.8085217,127.1146897
경상남도,거제시,고현동,970번지 10호,(주)지에스리테일거제신현점,구분없음,34.8895507,128.6207403
경상남도,거제시,옥포동,533번지 3호 외 5필지,(주)서원유통 탑마트 거제 옥포점,구분없음,34.8939147,128.6940332
전라북도,전주시,완산구,효자동1가 197번지 2호,롯데쇼핑(주)롯데수퍼효자점,그 밖의 대규모점포,35.8057862,127.1275556
경상남도,창원시,마산회원구,내서읍 호계리 65번지,홈플러스(주) 익스프레스 마산호계점,구분없음,35.2665702,128.5235756
경상남도,창원시,마산회원구,석전2동 245번지 3호,홈플러스(주) 익스프레스 석전점,구분없음,35.220932,128.579706
경상북도,경주시,현곡면,금장리 442-1 gs슈퍼마켓,GS슈퍼 경주현곡점,그 밖의 대규모점포,35.8682601,129.2027304
전라남도,무안군,무안읍,성남리 813번지 18호,주식회사 롯데슈퍼 무안점,그 밖의 대규모점포,34.9872668,126.4716616
경상북도,구미시,임수동,92-28,(주)이마트 동구미점,대형마트,36.1063736,128.4046861
전라북도,전주시,완산구,서노송동 627번지 1호,(주)세이브존아이앤씨 전주코아점,쇼핑센터,35.8255328,127.1447885
경상남도,창원시,성산구,중앙동 92번지,롯데쇼핑(주) 롯데마트맥스 창원중앙점,복합쇼핑몰,35.2255053,128.6802428
전라북도,전주시,완산구,고사동 412번지 2호 외 9필지,노벨리나,쇼핑센터,35.8186593,127.1435098
경상남도,남해군,남해읍,북변리 282번지 11호,남해전통시장,그 밖의 대규모점포,34.8403781,127.8949652
경상남도,창원시,마산회원구,양덕2동 59번지 1호,홈플러스(주)익스프레스 마산양덕점,구분없음,35.2290473,128.5846877
경상남도,사천시,좌룡동,388번지 10호 외 9필지,(주)이마트 사천점,대형마트,34.9516107,128.0770361
전라남도,목포시,축복동2가,1번지 1호,동명종합어시장,그 밖의 대규모점포,34.7882629,126.388704
경상남도,통영시,무전동,986번지,대백아울렛 통영점,그 밖의 대규모점포,34.8591694,128.4302917
전라북도,전주시,완산구,서신동 767번지,(주)이마트 전주점,대형마트,35.8325853,127.1202904
경상북도,경주시,안강읍,산대리 2397-2,홈플러스 익스프레스 경주 안강점,그 밖의 대규모점포,36.0022621,129.1967219
전라북도,정읍시,농소동,446번지 1호 외 15필지,롯데쇼핑(주) 롯데마트 정읍점,대형마트,35.579657,126.8404621
전라북도,군산시,비응도동,78번지,새만금종합수산시장,그 밖의 대규모점포,35.9388825,126.5343863
전라남도,목포시,용당1동,1133번지 1호,용당시장,그 밖의 대규모점포,34.806,126.391687
경상남도,창원시,성산구,사파동 141 삼익종합상가,농협 하나로마트 사파점,전문점,35.2216901,128.6934241
경상남도,창녕군,창녕읍,술정리 137번지,탑마트 창녕점,복합쇼핑몰,35.5376878,128.4959139
경상북도,경주시,동천동,825,롯데슈퍼 동천점,그 밖의 대규모점포,35.8539514,129.2270022
전라남도,순천시,조례동,766번지,뉴코아순천점,복합쇼핑몰,34.9733847,127.5199944
경상북도,영주시,풍기읍,산법리 446번지 4호 외 1필,(사)풍기선비골인삼시장,그 밖의 대규모점포,36.8882435,128.5405308
경상남도,창원시,의창구,동읍 용잠리 418번지 3호,(주)서원유통 탑마트 동읍점,그 밖의 대규모점포,35.2774873,128.6836774
경상남도,마산시,중앙동3가,4번지 1호,(주)신세계이마트마산점,대형마트,35.1978635,128.5697433
전라북도,전주시덕진구,송천동1가,281번지 1호,롯데쇼핑(주)롯데마트맥스 송천점,그 밖의 대규모점포,35.8545543,127.1204518
경상남도,김해시,장유면,신문리 1B 4L,롯데쇼핑(주) 프리미엄아울렛김해점,쇼핑센터,35.165946,128.830781
전라남도,장성군,장성읍,영천리 1040번지,농협하나로마트,그 밖의 대규모점포,35.3014045,126.781816
경상남도,통영시,광도면,죽림리 1584번지 5호,탑마트 통영죽림점,구분없음,34.8770247,128.4154453
전라북도,전주시완산구,효자동2가,1234번지 3호,롯데쇼핑(주) 롯데마트 전주점,대형마트,35.8171515,127.1022736
경상북도,문경시,모전동,859번지 2호,홈플러스(주) 문경점,그 밖의 대규모점포,36.5873045,128.1890934
경상북도,문경시,모전동,859-2,홈플러스(주),대형마트,36.5873171,128.1902844
전라남도,곡성군,곡성읍,,곡성농협,대형마트,35.282134,127.296403
경상남도,창원시,진해구,자은동 924-2,(주)지에스리테일 GS더프레시 진해자은점,그 밖의 대규모점포,35.1488264,128.7058435
경상남도,창원시,성산구,대원동 121 더시티세븐,City7 Mall,그 밖의 대규모점포,35.240057,128.6528932
경상남도,창원시,성산구,대원동 121 더시티세븐,롯데쇼핑(주) 롯데마트 시티세븐점,대형마트,35.240057,128.6528932
경상남도,거제시,장평동,1211번지,디큐브거제백화점,백화점,34.8910818,128.6165933
경상남도,창원시,마산합포구,중앙동3가 4번지 1호,(주) 이마트 마산점,구분없음,35.1978635,128.5697433
전라남도,목포시,용당동,1087번지 1호,홈플러스(주) 목포점,대형마트,34.8059317,126.3996541
경상북도,경주시,용강동,1329,롯데슈퍼 경주점,그 밖의 대규모점포,35.8623111,129.2238298
경상북도,포항시남구,상도동,582번지,그랜드애비뉴,복합쇼핑몰,36.0127361,129.3488933
경상북도,영주시,휴천동,329번지 1호,홈플러스영주점,복합쇼핑몰,36.8091467,128.6213522
경상북도,포항시남구,상도동,582번지,홈플러스(주)포항점,대형마트,36.0127361,129.3488933
경상남도,마산시,합성동,326-1번지,동마산시장,그 밖의 대규모점포,35.2401191,128.5875983
경상북도,영주시,조암동,962번지 5호,영주농협 파머스마켓,대형마트,36.7965709,128.6317769
경상남도,사천시,동금동,88-4호,(사)삼천포종합시장번영회,그 밖의 대규모점포,34.9321224,128.0786584
경상북도,경주시,현곡면,하구리 375-17,GS슈퍼 경주 현곡푸르지오점,그 밖의 대규모점포,35.8902026,129.175045
전라남도,장흥군,장흥읍,예양리 158번지 1 호,정남진장흥토요시장,그 밖의 대규모점포,34.6764066,126.9028924
경상북도,상주시,만산동,693번지 29호,(주)이마트 상주점,대형마트,36.4281911,128.1523071
경상북도,포항시,북구,죽도동 50-1,홈플러스(주)죽도점,대형마트,36.0308836,129.3651048
전라북도,군산시,수송동,833,롯데쇼핑 (주) 롯데마트군산점,쇼핑센터,35.9648198,126.7163917
경상남도,마산시,내서읍,중리 695호,서창원농협 하나로마트,대형마트,35.2541793,128.5122175
경상남도,마산시,신포동2가,28번지 대우백화점,(주)대우인터내서널 대우백화점,백화점,35.2014401,128.573398
경상북도,포항시남구,지곡동,481번지 1호,롯데쇼핑(주) 롯데마트 포항점,대형마트,36.0283453,129.3243152
전라북도,전주시,덕진구,우아동3가 733번지 1호,홈플러스 주식회사 전주점,대형마트,35.8475142,127.152917
경상남도,마산시,중앙동3가,4번지 1호,(주)신세계마트 이마트 마산점,대형마트,35.1978635,128.5697433
전라북도,익산시,영등동,,홈플러스(주) 익산점,대형마트,35.952341,126.972578
전라북도,익산시,동산동,호 667-53 외 4필지,(주)이마트 익산점,대형마트,35.928615,126.972569
전라남도,목포시,상동,860번지 1호,포르모 큐브,그 밖의 대규모점포,34.8068877,126.4249642
전라남도,목포시,상동,860호,(유)대송유통,그 밖의 대규모점포,34.8068877,126.4249642
경상남도,거제시,장평동,1211번지 외 1,홈플러스거제점,대형마트,34.8910818,128.6165933
경상북도,경산시,대평동,439번지 7호,조아아울렛,전문점,35.8357902,128.7338004
경상남도,밀양시,내이동,1403번지 11호,홈플러스(주) 밀양점,대형마트,35.4897584,128.7410367
전라북도,김제시,검산동,841번지 16호 외 12필지,홈플러스 김제점,대형마트,35.8000317,126.9031946
전라남도,순천시,남정동,10호,순천원예농협 하나로마트,대형마트,34.9389536,127.4927097
경상북도,경산시,중산동,623번지,(주)이마트경산점,대형마트,35.8346903,128.7201594
전라남도,여수시,국동,호 37-100번지 외4필지,롯데쇼핑(주) 롯데몰 여수점,대형마트,34.729966,127.719252
전라남도,순천시,덕암동,151번지,SC아울렛,전문점,34.9412389,127.510869
전라남도,순천시,조례동,758번지,뉴코아순천아울렛킴스,대형마트,34.9733604,127.5219599
경상북도,구미시,신평동,465호,롯데쇼핑(주)롯데마트구미점,복합쇼핑몰,36.113795,128.365292
경상북도,구미시,광평동,792-21 홈플러스 구미광평점,홈플러스(주) 구미점,대형마트,36.1027449,128.3637886
전라남도,여수시,선원동,1268번지 2호,롯데쇼핑(주) 롯데마트 여천점,대형마트,34.7772324,127.6511353
전라북도,전주시완산구,중노송동,495번지 6호,홈플러스 주식회사 전주완산점,대형마트,35.8237173,127.1500796
경상남도,사천시,사천읍,정의리 394호,(사단법인)사천읍시장 번영회,그 밖의 대규모점포,35.0840865,128.0881826
경상남도,통영시,광도면,죽림리 1566번지 2호,(주) 이마트 통영점,복합쇼핑몰,34.8879109,128.4174753
전라남도,광양시,중동,1732번지 3호,중마시장,시장,34.9385939,127.6991533
경상북도,경주시,용강동,800번지 11호,홈플러스(주)경주점,대형마트,35.8744095,129.2249553
경상남도,창원시,중앙동,91호,신세계 이마트 창원점,대형마트,35.2263759,128.6799532
경상북도,안동시,옥동,796번지 1호,(주)이마트 안동점,대형마트,36.5584943,128.6993862
경상북도,영천시,오수동,286호,(주)이마트영천점,대형마트,35.9581655,128.9109802
경상남도,진해시,석동,543-5호,롯데쇼핑(주)롯데마트진해점,대형마트,35.1582039,128.6987535
경상남도,양산시,삼호동,7B-1L호,롯데쇼핑(주)롯데마트 웅상점,대형마트,35.4142727,129.1841462
경상남도,양산시,삼호동,7B-1L외18필지,롯데쇼핑(주) 롯데마트 웅상점,대형마트,35.4142727,129.1841462
전라남도,순천시,조례동,975번지 1호 외 39필지,홈플러스(주) 순천점,대형마트,34.9612203,127.5202891
경상남도,창원시,의창구,팔용동 30-1 뉴코아아울렛,뉴코아 아울렛 창원점,그 밖의 대규모점포,35.2346121,128.6420041
경상남도,창원시,의창구,팔용동 30-1 뉴코아아울렛,뉴코아아울렛 창원점,그 밖의 대규모점포,35.2346121,128.6420041
경상북도,포항시,북구,득량동 305 이마트,(주)이마트 포항이동점,복합쇼핑몰,36.0316967,129.3390379
경상남도,김해시,장유면,대청리 300호,롯데쇼핑(주) 롯데마트장유점,대형마트,35.165946,128.830781
경상남도,양산시,중부동,705호,(주)이마트 양산점,대형마트,35.336857,129.0263823
전라북도,전주시완산구,서신동,971호,롯데쇼핑(주) 롯데백화점 전주점,백화점,35.8345301,127.1218052
경상북도,영주시,풍기읍,서부리 145번지 3호,풍기인삼시장,그 밖의 대규모점포,36.8729123,128.5240707
경상남도,창원시,성산구,상남동 44번지 1호 대동백화점,대동백화점,백화점,35.2194884,128.6884832
전라남도,여수시,봉산동,"100-3, 100-15호",국동항 유통타운,그 밖의 대규모점포,34.7293972,127.7246812
경상남도,창원시,마산회원구,합성1동 586번지,(주)대현프리몰 창원점,쇼핑센터,35.237668,128.5808763
전라남도,목포시,상동,1134호,롯데쇼핑(주)롯데마트맥스 목포점,대형마트,34.7972621,126.4293761
경상북도,구미시,광평동,65번지 1호,(주)이마트 구미점,그 밖의 대규모점포,36.1094842,128.3648791
경상남도,마산시,창포동1가,8번지 1호,롯데쇼핑(주) 롯데마트 마산점,구분없음,35.184733,128.562238
경상남도,창원시,성산구,중앙동 91번지,(주) 이마트 창원점,대형마트,35.2263759,128.6799532
경상남도,창원시,상남동,79호,롯데백화점 창원점,백화점,35.2128,128.5746
전라남도,여수시,오림동,405-1호,(주)이마트여수점,복합쇼핑몰,34.758014,127.7149758
전라남도,여수시,오림동,405번지 1호,신세계 이마트 여수점,대형마트,34.758014,127.7149758
경상남도,김해시,한림면,신천리 170번지 1호,자어언트가구프라자,전문점,35.2835283,128.8269049
경상북도,포항시,남구,인덕동 161번지 176호,(주)이마트 포항점,복합쇼핑몰,35.9923883,129.3965064
전라북도,익산시,영등동,833번지 2호,롯데쇼핑(주)롯데마트 익산점,대형마트,35.9594916,126.9734308
경상북도,경산시,중방동,332번지 13호,NC 경산점,쇼핑센터,35.8214918,128.7318106
경상남도,마산시,산호동,10번지 3 호,(주)신세계 마산점,백화점,35.2202501,128.5868007
전라북도,군산시,경암동,590번지 296 호,(주)이마트군산점,대형마트,35.9826161,126.7363721
전라남도,목포시,옥암동,915번지 25호,(주)이마트목포점,복합쇼핑몰,34.8133774,126.4252221
경상북도,포항시북구,학산동,127번지 9호 롯데백화점,롯데백화점 포항점,백화점,36.0511158,129.3712336
경상남도,김해시,내동,1131-2,홈플러스(주) 김해점,대형마트,35.2418326,128.8701888
전라북도,전주시,완산구,고사동 96번지 1호 고사동 105번지,NC WAVE 객사점,복합쇼핑몰,35.8195703,127.1450442
경상남도,창원시,성산구,가음동 21-20번지,가음시장대상가,그 밖의 대규모점포,35.2079585,128.6970839
경상남도,창원시,상남동,16번지,상남시장,그 밖의 대규모점포,35.222208,128.6833608
경상남도,창원시,반지동,78호,(주)아람마트 창원점,대형마트,35.2399735,128.6625528
전라남도,순천시,풍덕동,300호,한국까르푸주식회사순천점,쇼핑센터,34.9400589,127.5090201
경상남도,김해시,한림면,신천리 736번지 1 호,노바가구,대형마트,35.2773222,128.8261421
전라북도,김제시,서암동,397번지 1 호,마트크럽,쇼핑센터,35.8049841,126.8827852
전라남도,순천시,해룡면,상삼리 426호,블루마트,그 밖의 대규모점포,34.947319,127.5341314
경상남도,양산시,중부동,696-1호,양산신도시 대동황토방아파트상가,그 밖의 대규모점포,35.3382497,129.0338683
전라북도,김제시,요촌동,272번지 1 호,디씨몰,쇼핑센터,35.801274,126.8849107
전라남도,목포시,산정동,1383호,자유시장,그 밖의 대규모점포,34.792963,126.4030689
전라남도,목포시,석현동,1171번지 3 호,청호시장,그 밖의 대규모점포,34.8158436,126.4241404
전라북도,김제시,옥산동,286번지 3 호,N마트,쇼핑센터,35.7967467,126.8828766
전라남도,순천시,연향동,1327호,조은프라자,그 밖의 대규모점포,34.9535248,127.5203034
경상북도,포항시남구,지곡동,481-1호,그린프라자,그 밖의 대규모점포,36.0275086,129.3247152
전라북도,군산시,나운동,805-1호,동아26센타,그 밖의 대규모점포,35.9635272,126.6930537
경상남도,창원시,성산구,반림동 4번지 1호 현대2차아파트,농협 하나로마트 반림점,복합쇼핑몰,35.2370292,128.6747694
전라북도,전주시,완산구,태평동 36번지 1호,전주중앙시장,그 밖의 대규모점포,35.8248012,127.1422621
전라북도,전주시완산구,서신동,호 767,E 마트,그 밖의 대규모점포,35.831085,127.115549
전라북도,김제시,신풍동,44번지 6호,뉴마트,쇼핑센터,35.7943229,126.9010767
경상북도,김천시,평화동,28번지 8 호,김천농협 하나로마트,대형마트,36.1237649,128.117366
전라북도,전주시,완산구,중앙동2가 26-16,디쟈트,전문점,35.8178807,127.1438235
전라북도,전주시완산구,고사동,호 1가418,유스데스크,그 밖의 대규모점포,35.8203,127.143
경상남도,마산시,해운동,64호,(주)신마산시장,그 밖의 대규모점포,35.18026,128.562338
전라남도,순천시,조례동,산89-8호,킴스클럽순천점,대형마트,34.972307,127.5216641
경상북도,김천시,신음동,990번지 1호,(주)이마트 김천점,대형마트,36.1349891,128.1168315
전라북도,김제시,검산동,820번지 3 호,썬마트,쇼핑센터,35.7980128,126.9051339
경상남도,마산시,오동동,18번지 61호,(주)기산프라쟈,대형마트,35.2066891,128.5805769
경상남도,창원시,마산합포구,자산동 330-1 하얀집,롯데슈퍼 마산자산점,그 밖의 대규모점포,35.2018213,128.558743
경상남도,거제시,장승포동,283번지 99호,신부시장,그 밖의 대규모점포,34.8681483,128.7300843
전라북도,전주시덕진구,송천동1가,호 481-4,굿마트,그 밖의 대규모점포,35.859349,127.125463
경상남도,창원시,상남동,73-4호,창원코아상가,그 밖의 대규모점포,35.2204845,128.6794787
전라북도,남원시,왕정동,146번지 1 호,이마트 남원점,대형마트,35.4076321,127.3748163
경상남도,김해시,외동,1291번지 9 호,한국그랜드쇼핑,쇼핑센터,35.233762,128.8630419
경상남도,사천시,곤명면,정곡리 4B호,완사시장,그 밖의 대규모점포,35.1264628,127.974844
경상남도,김해시,어방동,502번지 7 호,어방종합시장,그 밖의 대규모점포,35.2402918,128.9010182
경상남도,마산시,동성동,50호,워너비마산점시장,그 밖의 대규모점포,35.2059768,128.5781833
전라북도,김제시,요촌동,213번지 4호,농협하나로마트,쇼핑센터,35.8005531,126.8887835
전라북도,익산시,창인동1가,152번지 24호,익산송원백화점,백화점,35.9411575,126.9501875
전라북도,전주시덕진구,우아동3가,호 753-1,대한통운 마트,그 밖의 대규모점포,35.848082,127.15955
경상남도,창원시,중앙동,98-6호,창원그린피아상가,그 밖의 대규모점포,35.221695,128.6760018
경상남도,진주시,상대동,304번지 4 호,상대동한보아파트단지내상가시장,그 밖의 대규모점포,35.1811894,128.1136723
경상북도,포항시북구,죽도동,2-4호,그린종합시장,그 밖의 대규모점포,36.0363475,129.3683914
경상남도,거제시,신현읍,고현리 961번지 59호,회원프라자,그 밖의 대규모점포,34.888521,128.620503
전라남도,여수시,서교동,280번지,(주)서시장,시장,34.7417917,127.7286181
경상남도,남해군,남해읍,북변리 316호,남해공용여객터미널상가,그 밖의 대규모점포,34.8416096,127.8982539
경상남도,창원시,팔용동,190번지,서원유통(탑마트),그 밖의 대규모점포,35.260565,128.6144102
경상남도,거제시,고현동,961번지 153호,한라프라자,그 밖의 대규모점포,34.8884319,128.6205849
경상남도,마산시,오동동,12번지 3호,프라자1번가시장,그 밖의 대규모점포,35.2070504,128.5820097
경상남도,마산시,동성동,313호,정우새어시장,그 밖의 대규모점포,35.2041141,128.5787279
경상북도,포항시북구,죽도동,2-4호,지곡프라자.,그 밖의 대규모점포,36.0363475,129.3683914
전라북도,전주시덕진구,금암동,호 1584,두산 그랜드 타운,그 밖의 대규모점포,35.837424,127.133088
전라북도,부안군,줄포면,줄포리 728-3 줄포시장,줄포상설시장,그 밖의 대규모점포,35.5876268,126.6767775
경상남도,거제시,신현읍,고현리 56번지 1호,장평종합시장,그 밖의 대규모점포,34.88696,128.627206
경상남도,진주시,평거동,301-1 한보하이타운,평거한보하이타운상가,그 밖의 대규모점포,35.1726352,128.0592803
경상남도,창원시,명서동,75-16호,명곡종합상가,그 밖의 대규모점포,35.2484916,128.6462111
전라남도,순천시,남내동,65호,월드마트,그 밖의 대규모점포,34.9537088,127.4851454
경상북도,포항시북구,죽도동,2-4호,신단지구매시설,그 밖의 대규모점포,36.0363475,129.3683914
전라남도,순천시,조례동,1608호,대주종합상가,그 밖의 대규모점포,34.9561213,127.5287005
전라남도,순천시,연향동,1347호,동성아파트상가,그 밖의 대규모점포,34.9500984,127.5189299
전라남도,순천시,해룡면,상삼리 657호,원앙아파트상가,그 밖의 대규모점포,34.9469184,127.531301
전라남도,순천시,연향동,1333호,동부상설시장,그 밖의 대규모점포,34.9515867,127.5213185
경상남도,양산시,상북면,소토리 1287-27외2필지호,대우마리나 아파트상가 시장,그 밖의 대규모점포,35.3881469,129.0496263
전라북도,전주시,완산구,효자동1가 454번지 1호,서도프라자,그 밖의 대규모점포,35.8055846,127.114936
경상남도,진주시,강남동,219호,진주동성상가,그 밖의 대규모점포,35.1809127,128.0893555
전라북도,김제시,요촌동,288호,김제축협매장,쇼핑센터,35.8034607,126.8847051
경상남도,창원시,상남동,45-1호,성원그랜드종합상가,그 밖의 대규모점포,35.2152774,128.5722623
경상남도,마산시,자산동,17번지 1호 9브록 1롯트,자산경남상가시장,그 밖의 대규모점포,35.2063577,128.5648968
경상북도,포항시북구,죽도동,2-4호,(주)아남유통,그 밖의 대규모점포,36.0363475,129.3683914
전라북도,전주시완산구,전동3가,호 136,코오롱 상가,그 밖의 대규모점포,35.813153,127.144904
경상남도,거제시,옥포동,1293번지 1호,옥현상가,그 밖의 대규모점포,34.8969464,128.6899185
경상남도,마산시,해운동,37번지 4호,대동씨코아종합상가시장,그 밖의 대규모점포,35.1803383,128.5622545
경상남도,창원시,봉곡동,"호 61-10,16,17번지",봉곡진보프라자상가,그 밖의 대규모점포,35.2462,128.6631
경상남도,양산시,덕계동,362호,대승하이아트 상가 시장,그 밖의 대규모점포,35.3761911,129.157255
경상남도,김해시,삼방동,179번지 1호,국제타운상가,그 밖의 대규모점포,35.2440234,128.9081287
경상남도,김해시,삼정동,76번지 1 호,백제종합상가,그 밖의 대규모점포,35.2341548,128.8960864
경상남도,창원시,중앙동,97-6호,창원캔버라타운,그 밖의 대규모점포,35.2212244,128.6768262
경상남도,창원시,팔용동,124번지 2호,대동중앙상가,그 밖의 대규모점포,35.2556295,128.6146983
경상남도,양산시,덕계동,745-1호,덕계종합상설시장,그 밖의 대규모점포,35.373842,129.1504608
경상남도,양산시,평산동,산23-3외 12필지호,태원아파트 상가시장,그 밖의 대규모점포,35.3845417,129.1458241
경상남도,양산시,평산동,570외 15필지호,봉우아파트 상가시장,그 밖의 대규모점포,35.3885519,129.1414297
경상남도,양산시,물금읍,범어리 502-1호,범어대동상가,그 밖의 대규모점포,35.3357446,129.0063683
경상남도,창원시,팔용동,16-1호,창원기계공구상가,그 밖의 대규모점포,35.2339601,128.6409874
경상남도,김해시,외동,1251호,대동종합상가,그 밖의 대규모점포,35.2336123,128.8642126
전라북도,익산시,여산면,호산리 산32번지 6 호,(주)큰길 여산휴게소,대형마트,36.0497644,127.1008511
전라북도,전주시완산구,고사동,호 1가 155-1,전일시장,그 밖의 대규모점포,35.8203,127.143
경상남도,진주시,이현동,21번지 3 호,이현종합시장,그 밖의 대규모점포,35.2046726,128.0479273
경상남도,김해시,삼정동,589번지 1 호,호성상가,그 밖의 대규모점포,35.2305597,128.8939188
경상남도,통영시,정량동,1158번지 35호,사단법인삼성타워프라자,그 밖의 대규모점포,34.84581,128.4299777
경상남도,창원시,중앙동,97번지 2호,동성올림픽타운,그 밖의 대규모점포,35.2225326,128.6779294
전라남도,순천시,남내동,55-1호,황금프라자,그 밖의 대규모점포,34.9547136,127.4843822
경상남도,양산시,신기동,436-2호,한마음상가 시장,그 밖의 대규모점포,35.3544727,129.0417456
경상남도,창원시,사파동,93호,사파동성종합상가,그 밖의 대규모점포,35.2195808,128.7043603
전라남도,광양시,금호동,716번지,백운쇼핑센터,쇼핑센터,34.9403551,127.7319075
경상남도,김해시,구산동,호 구획정리지구 20블럭,광남백조아파트상가,그 밖의 대규모점포,35.2494,128.8747
전라남도,순천시,연향동,1345호,대우상가,그 밖의 대규모점포,34.9487495,127.521247
경상남도,김해시,어방동,499호,대우유토피아상가,그 밖의 대규모점포,35.2432877,128.9013347
전라남도,순천시,장천동,39-3호,로얄프라자,그 밖의 대규모점포,34.9493793,127.4888205
경상남도,마산시,월영동,593호,(주)화인주택,그 밖의 대규모점포,35.1762201,128.5551925
경상남도,창원시,대방동,358번지,대동훼미리종합상가,그 밖의 대규모점포,35.2110527,128.7088677
경상남도,진주시,상봉동,1096호,상봉한주타운상가,그 밖의 대규모점포,35.1959577,128.0711927
경상남도,창원시,대방동,356번지,대방덕산상가,그 밖의 대규모점포,35.2127965,128.7065623
전라북도,전주시덕진구,인후동1가,호 782,기린시장,그 밖의 대규모점포,35.831342,127.157989
경상남도,김해시,삼방동,692호,화인상가,그 밖의 대규모점포,35.2517722,128.9107232
전라북도,전주시덕진구,인후동2가,호 1575-1,성락시장,그 밖의 대규모점포,35.839933,127.146
경상남도,창원시,신월동,68-1호,토월복합상가,그 밖의 대규모점포,35.2280773,128.6919402
경상북도,포항시북구,용흥동,366호,용흥시장,그 밖의 대규모점포,36.0428044,129.3527309
경상남도,창원시,외동,916호,한덕한신타워아파트상가,그 밖의 대규모점포,35.2146789,128.6758498
경상남도,김해시,삼방동,691번지 2 호,한일아파트종합상가,그 밖의 대규모점포,35.2505696,128.9103419
경상남도,양산시,교동,산85호,협성상가시장,그 밖의 대규모점포,35.3424357,129.0230066
경상남도,창원시,반지동,23번지 대동아파트,대동그린코아상가,그 밖의 대규모점포,35.2446908,128.6699975
경상남도,김해시,삼방동,189호,김해어방동성상가,그 밖의 대규모점포,35.2463134,128.9107083
전라남도,순천시,남내동,76-1호,중앙지하상가,그 밖의 대규모점포,34.9536877,127.4841675
경상북도,구미시,송정동,60번지 동아백화점,동아백화점구미점,대형마트,36.1197613,128.348533
경상남도,진주시,주약동,156번지,한주럭키상가,그 밖의 대규모점포,35.1763998,128.0908737
경상북도,포항시남구,대도동,143-1호,해도5시장,그 밖의 대규모점포,36.0127295,129.3664082
경상북도,봉화군,봉화읍,내성리 호 394-1,봉화제2상설시장,그 밖의 대규모점포,36.88769,128.739588
전라남도,순천시,송광면,이읍리 1403-3호,송광시장,그 밖의 대규모점포,34.9749689,127.2627417
경상남도,양산시,북부동,148-3호,북부시장,그 밖의 대규모점포,35.3473246,129.0398807
경상북도,포항시북구,용흥동,142-1호,서부시장,그 밖의 대규모점포,36.0303205,129.358294
경상남도,진주시,대안동,21호,진주중앙지하도상가,그 밖의 대규모점포,35.1945509,128.0838011
경상남도,진주시,대안동,8번지 600호,진주중앙시장,그 밖의 대규모점포,35.1950326,128.0843462
경상남도,진주시,봉곡동,31번지 1호,서부시장,그 밖의 대규모점포,35.1937807,128.0762731
경상남도,진주시,칠암동,306번지 1호,천전시장,그 밖의 대규모점포,35.1850602,128.088542
경상북도,포항시북구,장성동,866-302호,장량시장,그 밖의 대규모점포,36.0654102,129.3772274
경상북도,포항시남구,상도동,629호,남부시장,그 밖의 대규모점포,36.0126278,129.3561749
경상북도,포항시북구,환호동,377-5호,환호시장,그 밖의 대규모점포,36.0680266,129.391199
경상북도,포항시북구,장성동,866-301호,장성종합시장,그 밖의 대규모점포,36.0656174,129.3770208
경상북도,포항시북구,죽도동,625-15호,중앙종합시장,그 밖의 대규모점포,36.0231349,129.3554063
경상북도,포항시북구,죽도동,2-4호,상대종합시장,그 밖의 대규모점포,36.0363475,129.3683914
경상남도,통영시,북신동,663번지 6 호,북신시장,시장,34.8549068,128.4278454
경상북도,포항시남구,청림동,588-2호,청림시장,그 밖의 대규모점포,35.9965324,129.4103169
경상남도,마산시,회원동,654번지 8호,교방주공시장(주),그 밖의 대규모점포,35.2178805,128.561144
경상남도,창원시,용호동,63번지 롯데아파트,롯데종합상가,그 밖의 대규모점포,35.2344801,128.6846742
경상남도,마산시,회원동,654번지 8호,합성시장,그 밖의 대규모점포,35.2178805,128.561144
경상남도,거제시,능포동,68호,옥수동새시장,그 밖의 대규모점포,34.8846279,128.7404016
경상남도,거제시,옥포동,529번지 8 호,옥포중앙시장,그 밖의 대규모점포,34.893989,128.6892497
전라북도,임실군,오수면,오수리 351번지 1호,오수상설시장,그 밖의 대규모점포,35.5382491,127.3269414
경상남도,창원시,소계동,724-4호,소계시장,그 밖의 대규모점포,35.2568117,128.5990301
경상남도,통영시,태평동,409번지 1 호,충무데파트종합상설시장,그 밖의 대규모점포,34.8459111,128.4242855
경상남도,통영시,서호동,163호,서호전통시장,그 밖의 대규모점포,34.8430904,128.4197942
전라북도,전주시,완산구,서노송동 627번지 1호 전주코아백화점,전주코아백화점,백화점,35.8255328,127.1447885
경상북도,포항시북구,죽도동,2-4호,송도시장,그 밖의 대규모점포,36.0363475,129.3683914
경상남도,창원시,상남동,73-5호,경창상가,그 밖의 대규모점포,35.2202229,128.6792568
전라북도,전주시완산구,효자동1가,호 201-2,서부시장,그 밖의 대규모점포,35.805925,127.12545
경상남도,마산시,양덕동,15번지 1호,양덕중앙시장,그 밖의 대규모점포,35.2326538,128.584169
경상남도,마산시,부림동,83호,부림상시장,그 밖의 대규모점포,35.2071676,128.5729034
전라북도,전주시완산구,경원동3가,90번지 13호,전주동부시장,그 밖의 대규모점포,35.8203196,127.1512774
전라북도,전주시완산구,경원동3가,호 90-13,동부시장,그 밖의 대규모점포,35.8209,127.149
경상북도,영주시,휴천2동,305번지,영주종합시장,시장,36.8132467,128.6221361
경상남도,창원시,반림동,10-5호,낙원상가,그 밖의 대규모점포,35.2364671,128.6674552
경상남도,진주시,하대동,70번지 2 호,공단종합시장,그 밖의 대규모점포,35.1854734,128.1198585
경상북도,영천시,야사동,187호,문화상가,그 밖의 대규모점포,35.9739094,128.9471506
전라남도,완도군,완도읍,군내리 1249번지 1 호,완도읍5일시장,그 밖의 대규모점포,34.3165179,126.7477207
경상남도,창원시,신촌동,15번지 6호,유신종합상가,그 밖의 대규모점포,35.2084192,128.6266903
경상남도,마산시,회성동,450번지 1호,회성종합시장,,35.2330391,128.5589037
전라남도,순천시,남내동,119호,중앙시장,그 밖의 대규모점포,34.9532634,127.4845298
경상남도,창원시,반림동,,반송종합시장,그 밖의 대규모점포,35.238,128.668
경상북도,포항시북구,죽도동,2-4호,양학시장,그 밖의 대규모점포,36.0363475,129.3683914
경상남도,마산시,부림동,87호,부림시장,그 밖의 대규모점포,35.205768,128.5724
경상남도,마산시,석전동,226번지 2호,역전통합시장,그 밖의 대규모점포,35.2364269,128.5792491
경상남도,마산시,구암동,88번지 2호,서마시장,그 밖의 대규모점포,35.2497663,128.6003861
경상북도,포항시북구,죽도동,2-4호,동해종합시장,그 밖의 대규모점포,36.0363475,129.3683914
경상남도,마산시,구암동,18번지 1호,구암형대시장,그 밖의 대규모점포,35.2660463,128.5839034
경상남도,창원시,중앙동,69-1호,중앙시장,그 밖의 대규모점포,35.2271896,128.676033
경상남도,통영시,중앙동,38-4호,통영중앙시장사업협동조합,그 밖의 대규모점포,34.8452887,128.4246418
경상북도,봉화군,봉화읍,내성리 394-18호,봉화제1상설시장,그 밖의 대규모점포,36.8905555,128.7358361
경상남도,양산시,중부동,423-5호,남부시장,그 밖의 대규모점포,35.3428196,129.0372106
경상남도,진주시,상대동,193번지 1 호,동부종합상가,그 밖의 대규모점포,35.1870481,128.1162019
경상남도,거제시,신현읍,고현리 98번지 27호,고현종합시장,그 밖의 대규모점포,34.886438,128.623741
경상남도,마산시,양덕동,164번지 20호,양덕종합시장,그 밖의 대규모점포,35.2229021,128.5898378
경상남도,창원시,신촌동,33번지 2호,양곡시장,그 밖의 대규모점포,35.200768,128.6278539
전라남도,순천시,덕암동,227-1호,역전시장,그 밖의 대규모점포,34.943821,127.5035021
경상남도,진주시,상대동,276번지 17 호,자유시장,그 밖의 대규모점포,35.1802565,128.1097157
경상남도,마산시,회원동,362번지 17호,회원상가시장,그 밖의 대규모점포,35.2216111,128.5704288
경상남도,마산시,석전동,257번지 1호,역전시장,그 밖의 대규모점포,35.2304218,128.5748965
전라북도,전주시완산구,전동3가,호 3-242,남부시장,그 밖의 대규모점포,35.813153,127.144904
경상남도,마산시,구암동,88번지 2호,구암시장,그 밖의 대규모점포,35.2497663,128.6003861
경상남도,마산시,산호동,28번지 28호,산호시장,그 밖의 대규모점포,35.2192624,128.5825893
전라남도,순천시,풍덕동,1264호,남부상설시장,그 밖의 대규모점포,34.9453204,127.4953718
경상남도,김해시,동상동,881호,사단법인김해시장번영회,그 밖의 대규모점포,35.2361126,128.883467
경상남도,마산시,상남동,40번지 1호,북마산중앙시장,그 밖의 대규모점포,35.2160702,128.5711621
전라남도,순천시,동외동,호 199-5,북부상설시장,그 밖의 대규모점포,34.957,127.4877
전라남도,완도군,완도읍,군내리 822번지 111호,중앙시장,그 밖의 대규모점포,34.3144079,126.7539883
전라북도,부안군,부안읍,서외리 21 상설시장,부안상설시장,그 밖의 대규모점포,35.7271057,126.732991
경상남도,마산시,오동동,290호,자유시장,그 밖의 대규모점포,35.2086749,128.5817035
전라남도,목포시,용당동,1052호,동부시장,그 밖의 대규모점포,34.8041152,126.3919661
전라남도,목포시,남교동,108번지 40 호,제일시장,그 밖의 대규모점포,34.7944697,126.3835196
경상북도,포항시북구,죽도동,2-4호,죽도시장,그 밖의 대규모점포,36.0363475,129.3683914
경상남도,마산시,회원동,49번지 1호,태화종합시장,그 밖의 대규모점포,35.222108,128.5521399
전라남도,순천시,주암면,창촌리 246-1호,창촌시장,그 밖의 대규모점포,35.0576163,127.2794407
전라남도,완도군,노화읍,이포리 168호,노화읍5일시장,그 밖의 대규모점포,34.1776879,126.5738504
전라남도,완도군,금일읍,화목리 739번지 1 호,금일읍 5일시장,그 밖의 대규모점포,34.3543844,127.0205305
전라남도,목포시,남교동,88호,중앙식료시장,그 밖의 대규모점포,34.7943165,126.382875
경상북도,포항시북구,대신동,54-2호,북부시장,그 밖의 대규모점포,36.0480766,129.3700561
경상북도,포항시북구,흥해읍,성내리 호,흥해시장,그 밖의 대규모점포,36.107199,129.341663
경상북도,포항시북구,흥해읍,성내리 호,흥해시장,그 밖의 대규모점포,36.107199,129.341663
경상북도,포항시북구,신광면,토성리 호,신광시장,그 밖의 대규모점포,36.130136,129.262907
경상북도,포항시북구,청하면,미남리 호,청하시장,그 밖의 대규모점포,36.19957,129.337886
전라남도,완도군,군외면,원동리 222번지 8 호,군외5일시장,그 밖의 대규모점포,34.3879397,126.647538
전라남도,순천시,승주읍,서평리 423-1호,승주시장,그 밖의 대규모점포,35.013234,127.3885926
전라남도,순천시,주암면,광천리 54-1호,주암시장,그 밖의 대규모점포,35.0757677,127.2351977
전라남도,목포시,남교동,111번지 9호,중앙공설시장,그 밖의 대규모점포,34.7934017,126.3832325
전라남도,순천시,별량면,봉림리 207-4호,별량시장,그 밖의 대규모점포,34.8741416,127.4517467
전라남도,순천시,황전면,괴목리 45-1호,괴목시장,그 밖의 대규모점포,35.1025656,127.4274331
전라남도,완도군,고금면,농상리 385호,고금면5일시장,그 밖의 대규모점포,34.395423,126.8000155
경상남도,함안군,칠원면,구성리 732호,칠원시장,그 밖의 대규모점포,35.3056988,128.5198685
경상남도,함안군,가야읍,말산리 420-2호,아라시장,그 밖의 대규모점포,35.2761047,128.4061691
경상남도,함안군,군북면,중암리 83-10호,군북시장,그 밖의 대규모점포,35.2611033,128.3465717
경상북도,포항시남구,동해면,도구리 호,기북시장,그 밖의 대규모점포,35.988473,129.440169
경상북도,포항시남구,동해면,도구리 호,기북시장,그 밖의 대규모점포,35.988473,129.440169
경상북도,포항시남구,동해면,도구리 호,기북시장,그 밖의 대규모점포,35.988473,129.440169
경상북도,포항시남구,동해면,도구리 호,기북시장,그 밖의 대규모점포,35.988473,129.440169
경상북도,영천시,대창면,대창리 1076번지 11호,대창공설시장,그 밖의 대규모점포,35.8860099,128.8889252
경상북도,영천시,신녕면,화성리 866번지 1호,신녕공설시장,그 밖의 대규모점포,36.0420251,128.7874114
경상북도,영천시,금호읍,교대리 167번지 35호,금호공설시장,그 밖의 대규모점포,35.9323443,128.8744049
경상북도,영천시,완산동,982번지 3호,영천공설시장,그 밖의 대규모점포,35.9637804,128.9389346
경상북도,포항시남구,구룡포읍,구룡포리 호,구룡포시장,그 밖의 대규모점포,35.98516,129.546148
경상북도,포항시북구,흥해읍,성내리 호,오천시장,그 밖의 대규모점포,36.107199,129.341663
경상북도,포항시북구,흥해읍,성내리 호,오천시장,그 밖의 대규모점포,36.107199,129.341663
경상북도,포항시북구,송라면,광천리 호,송라시장,그 밖의 대규모점포,36.228834,129.356945
경상북도,포항시북구,송라면,광천리 호,송라시장,그 밖의 대규모점포,36.228834,129.356945
경상북도,포항시북구,송라면,광천리 호,기계시장,그 밖의 대규모점포,36.228834,129.356945
경상북도,포항시북구,송라면,광천리 호,기계시장,그 밖의 대규모점포,36.228834,129.356945
경상북도,포항시남구,동해면,도구리 호,죽장시장,그 밖의 대규모점포,35.988473,129.440169
경상북도,포항시남구,동해면,도구리 호,죽장시장,그 밖의 대규모점포,35.988473,129.440169
경상북도,포항시남구,동해면,도구리 호,죽장시장,그 밖의 대규모점포,35.988473,129.440169
경상북도,포항시남구,동해면,도구리 호,죽장시장,그 밖의 대규모점포,35.988473,129.440169
전라북도,진안군,진안읍,군상리 406번지 7호,진안시장,시장,35.7931262,127.4288444
경상북도,포항시남구,동해면,도구리 호,포항시장,그 밖의 대규모점포,35.988473,129.440169
경상북도,포항시남구,동해면,도구리 호,포항시장,그 밖의 대규모점포,35.988473,129.440169
경상북도,포항시남구,동해면,도구리 호,포항시장,그 밖의 대규모점포,35.988473,129.440169
경상북도,포항시남구,동해면,도구리 호,포항시장,그 밖의 대규모점포,35.988473,129.440169
경상북도,포항시남구,동해면,도구리 호,장기시장,그 밖의 대규모점포,35.988473,129.440169
경상북도,포항시남구,동해면,도구리 호,장기시장,그 밖의 대규모점포,35.988473,129.440169
경상북도,포항시남구,동해면,도구리 호,장기시장,그 밖의 대규모점포,35.988473,129.440169
경상북도,포항시남구,동해면,도구리 호,장기시장,그 밖의 대규모점포,35.988473,129.440169
전라남도,강진군,강진읍,동성리 187-5,강진읍시장,전통시장,34.6399204,126.7737937
전라남도,강진군,마량면,마량리 987-11,마량5일시장,전통시장,34.4509912,126.816851
전라남도,강진군,병영면,삼인리 318,병영5일시장,전통시장,34.7137542,126.8156663
전라남도,고흥군,고흥읍,남계리 628,고흥전통시장,전통시장,34.6080686,127.2857701
전라남도,고흥군,과역면,과역리 162,과역전통시장,전통시장,34.6792969,127.3623771
전라남도,고흥군,도양읍,봉암리 2699-70,녹동전통시장,전통시장,34.527926,127.1383379
전라남도,고흥군,도화면,당오리 568-1,도화전통시장,전통시장,34.5098853,127.3219156
전라남도,고흥군,동강면,유둔리 7-2,동강전통시장,전통시장,34.7802896,127.3344735
전라남도,곡성군,곡성읍,읍내리 208,곡성기차마을전통시장,전통시장,35.2800752,127.2993238
전라남도,곡성군,석곡면,석곡리 80-2,석곡전통시장,전통시장,35.133008,127.2541105
전라남도,곡성군,옥과면,리문리 254-5,옥과5일시장,전통시장,35.2755622,127.1382017
전라남도,광양시,광양읍,목성리 696-3,광양5일시장,전통시장,34.9712327,127.590253
전라남도,광양시,광영동,682 A동 682-1 B동,광영상설시장,전통시장,34.9614521,127.7203142
전라남도,광양시,옥곡면,신금리 1337-1,옥곡5일시장,전통시장,34.9883708,127.7004974
전라남도,구례군,구례읍,봉동리 190-1,구례5일시장,전통시장,35.2107746,127.4698787
전라남도,구례군,구례읍,봉동리 378-1,구례상설시장,전통시장,35.2095933,127.4657522
전라남도,구례군,산동면,원촌리 38,지리산나들이장터,전통시장,35.3115497,127.4444883
전라남도,나주시,공산면,금곡리 862-14,공산5일시장,전통시장,34.9435362,126.6079619
전라남도,나주시,남평읍,남평리 69-1,남평5일시장,전통시장,35.0457521,126.8416835
전라남도,나주시,다시면,동곡리 39-46,다시5일시장,전통시장,35.0157326,126.6357559
전라남도,나주시,삼도동,1388-2,나주목사고을시장,전통시장,35.0370924,126.7237578
전라남도,나주시,세지면,오봉리 246-3,세지5일장,전통시장,34.9202073,126.7475359
전라남도,나주시,이창동,765,영산포풍물시장,전통시장,34.9915118,126.7072434
전라남도,목포시,광동1가,4-13,목포종합수산시장,전통시장,34.7877803,126.3898906
전라남도,목포시,산정동,1732,신중앙시장,전통시장,34.8098141,126.3772932
전라남도,목포시,수강동1가,1,항동시장,전통시장,34.7858852,126.3856788
전라남도,무안군,무안읍,성내리 21-6,무안전통시장,전통시장,34.9933227,126.4732499
전라남도,무안군,일로읍,월암리 111-9,일로전통시장,전통시장,34.8473258,126.494891
전라남도,보성군,벌교읍,회정리 663-23,벌교5일시장,전통시장,34.8447992,127.3449899
전라남도,보성군,벌교읍,벌교리 887-22,벌교매일시장,전통시장,34.8430211,127.3460281
전라남도,보성군,보성읍,원봉리 2-1,녹차골보성향토시장(보성읍5일시장),전통시장,34.765021,127.077701
전라남도,보성군,보성읍,보성리 895-14,보성매일시장,전통시장,34.7681597,127.0806949
전라남도,보성군,복내면,복내리 152-14,복내5일시장,전통시장,34.8935277,127.1329951
전라남도,보성군,조성면,조성리 513-1,조성5일시장,전통시장,34.8065645,127.2457003
전라남도,순천시,동외동,168-1,웃장,전통시장,34.9588078,127.4852026
전라남도,순천시,풍덕동,1264,순천시아랫장(순천아랫장),전통시장,34.9453204,127.4953718
전라남도,신안군,지도읍,읍내리 168-6,지도 전통시장,전통시장,35.058867,126.2070891
전라남도,여수시,교동,605-3,교동시장,전통시장,34.7389628,127.7302289
전라남도,여수시,교동,680,(주)여수수산시장,전통시장,34.7381372,127.731763
전라남도,여수시,교동,400-1,중앙시장,전통시장,34.7406323,127.7325764
전라남도,여수시,교동,88,해안로건어물상가시장,전통시장,34.7408584,127.7338936
전라남도,여수시,남산동,4,여수수산물특화시장,전통시장,34.7368724,127.7328415
전라남도,여수시,서교동,534-16,여수서시장주변시장,전통시장,34.7407648,127.7283435
전라남도,여수시,소라면,덕양리 1271,덕양시장,전통시장,34.797791,127.6310866
전라남도,여수시,중앙동,362-1,중앙선어시장,전통시장,34.7394294,127.7370657
전라남도,여수시,학동,35-3번지,쌍봉시장,전통시장,34.76414,127.6649826
전라남도,여수시,학동,35-2,제일시장,전통시장,34.7641887,127.6646572
전라남도,여수시,학동,35-1,진남시장,전통시장,34.7642683,127.6641429
전라남도,여수시,학동,58-7,도깨비시장,전통시장,34.763296,127.6565765
전라남도,영광군,영광읍,도동리 186,굴비골영광시장(구 영광매일시장),전통시장,35.2751226,126.5123219
전라남도,영광군,영광읍,신하리 324-3,영광고추특화시장,전통시장,35.2745375,126.4940751
전라남도,영광군,영광읍,남천리 321-1,영광터미널시장,전통시장,35.2755192,126.5031032
전라남도,영암군,시종면,만수리 933-40,시종5일시장,전통시장,34.868094,126.6086396
전라남도,영암군,신북면,월평리 126-3,신북5일시장,전통시장,34.8884346,126.692522
전라남도,영암군,영암읍,동무리 17-3,영암5일시장,전통시장,34.8013527,126.7010141
전라남도,영암군,학산면,독천리 1237-2,독천5일시장,전통시장,34.7246247,126.5670201
전라남도,완도군,노화읍,이포리 678-13,노화전통시장,전통시장,34.1775572,126.5732291
전라남도,완도군,완도읍,군내리 1249-2,완도전통시장(구 완도5일시장),전통시장,34.3160717,126.7481095
전라남도,완도군,완도읍,군내리 1249번지,완도남양시장(구 완도종합시장),전통시장,34.3165179,126.7477207
전라남도,장성군,북이면,사거리 717-3,사거리시장,전통시장,35.4280034,126.8068608
전라남도,장성군,삼계면,사창리 482-44,사창시장,전통시장,35.2604572,126.6630481
전라남도,장성군,황룡면,월평리 151-1,황룡시장,전통시장,35.291638,126.7738424
전라남도,장흥군,관산읍,옥당리 489-1,천관산관광시장,전통시장,34.5629333,126.9372241
전라남도,장흥군,대덕읍,신월리 111,대덕읍전통시장(대덕시장),전통시장,34.4992938,126.8874101
전라남도,장흥군,용산면,인암리 800-1,용산시장,전통시장,34.6148815,126.9154183
전라남도,장흥군,장평면,양촌리 224,장평시장,전통시장,34.7754722,126.9779797
전라남도,진도군,진도읍,남동리 731,진도읍조금시장,전통시장,34.4815599,126.2573007
전라남도,진도군,진도읍,남동리 487-5,진도상설전통시장,전통시장,34.4813518,126.2648927
전라남도,함평군,월야면,월야리 713-43,월야시장,전통시장,35.1793888,126.6267689
전라남도,함평군,함평읍,기각리 980-2,함평천지전통시장,전통시장,35.0645523,126.5228082
전라남도,함평군,해보면,문장리 822-116,해보시장,전통시장,35.1813001,126.6038676
전라남도,해남군,북일면,흥촌리 161,좌일5일시장,전통시장,34.4638279,126.6721998
전라남도,해남군,북평면,남창리 1279-1,북평면남창5일시장,전통시장,34.4045596,126.6268153
전라남도,해남군,문내면,동외리 919-17,우수영5일시장,전통시장,34.5968978,126.3113414
전라남도,해남군,송지면,산정리 772-3,송지산정5일시장,전통시장,34.3695779,126.5191026
전라남도,해남군,해남읍,고도리 102-4,해남읍5일시장,전통시장,34.5688902,126.5971145
전라남도,해남군,화원면,금평길 14,화원5일시장,전통시장,34.6694253,126.3280089
전라남도,해남군,황산면,남리리 7번지,남리5일시장,전통시장,34.5749134,126.4322285
전라남도,화순군,능주면,관영리 94-8,능주전통시장,전통시장,34.9909591,126.958809
전라남도,화순군,동복면,천변리 92,동복전통시장,전통시장,35.0715968,127.1257127
전라남도,화순군,사평리,1049-90,사평전통시장,전통시장,35.0049775,127.0972662
전라남도,화순군,이양면,이양리 303-3,이양전통시장,전통시장,34.8826694,126.9868374
전라남도,화순군,화순읍,삼천리 621,화순고인돌전통시장,전통시장,35.0593624,126.9836478
전라북도,고창군,고창읍,읍내리 367,고창전통시장,전통시장,35.4325942,126.6984092
전라북도,고창군,대산면,매산리 200-13,대산전통시장,전통시장,35.3400409,126.5992573
전라북도,고창군,무장면,무장리 85-1,무장전통시장,전통시장,35.4144902,126.5604529
전라북도,고창군,상하면,하장리 939-3,상하전통시장,전통시장,35.4440836,126.4919225
전라북도,고창군,해리면,하련리 685-55,해리전통시장,전통시장,35.4584685,126.5421015
전라북도,고창군,흥덕면,흥덕리 239-1,흥덕전통시장,전통시장,35.5204105,126.7001052
전라북도,군산시,나운동,836-11,군산주공시장,전통시장,35.9657818,126.6954461
전라북도,군산시,대명동,138-151,역전종합시장,전통시장,35.9809157,126.7204308
전라북도,군산시,대야면,산월리 401-1,대야전통시장,전통시장,35.9451611,126.8172942
전라북도,군산시,명산동,14-27,명산시장,전통시장,35.9837396,126.7095412
전라북도,군산시,신영동,18-1,군산공설시장,전통시장,35.9831811,126.7203122
전라북도,군산시,신영동,19-5,군산신영시장,전통시장,35.9854542,126.7201322
전라북도,김제시,금산면,원평리 91번지,원평공설시장(김제원평시장),전통시장,35.7140559,126.9947365
전라북도,김제시,신풍동,40-2,역전시장,전통시장,35.7930092,126.901511
전라북도,김제시,요촌동,415,김제전통시장,전통시장,35.8017724,126.8837597
전라북도,김제시,요촌동,194-7,금만시장,전통시장,35.8001445,126.886422
전라북도,남원시,금동,262-1,남원공설시장,전통시장,35.4052558,127.3753945
전라북도,남원시,인월면,인월리 252-1,남원인월시장,전통시장,35.461378,127.6020033
전라북도,남원시,하정동,138,용남시장,전통시장,35.4074877,127.3769934
전라북도,무주군,무주읍,읍내리 1152,무주시장(반딧불장터),전통시장,36.0047025,127.6541056
전라북도,무주군,무풍면,현내리 259-5,무풍시장(대덕산장터),전통시장,35.9694327,127.849092
전라북도,무주군,설천면,소천리 904-29,설천시장(삼도봉장터),전통시장,36.0100757,127.7882376
전라북도,무주군,안성면,장기리 1511-123,안성시장(덕유산장터),전통시장,35.8665816,127.6537557
전라북도,부안군,부안읍,21,부안상설시장,전통시장,35.729625,126.736814
전라북도,부안군,줄포면,줄포리 728-3,줄포시장,전통시장,35.5876268,126.6767775
전라북도,순창군,동계면,현포리 623,동계시장,전통시장,35.4395329,127.2396439
전라북도,순창군,순창읍,남계리 800,순창시장,전통시장,35.371851,127.1450683
전라북도,완주군,고산면,읍내리 884-4,고산미소시장,전통시장,35.9742576,127.2055131
전라북도,완주군,봉동읍,장기리 217-13,봉동시장,전통시장,35.9387549,127.1673166
전라북도,완주군,삼례읍,삼례리 923-8,삼례시장,전통시장,35.9106166,127.0735045
전라북도,익산시,금마면,동고도리 701-2,익산금마시장,전통시장,35.9922665,127.0534256
전라북도,익산시,남중동,72-7,북부시장,전통시장,35.9482335,126.9566474
전라북도,익산시,남중동,35-9,익산장(익산북부장),전통시장,35.951233,126.9567754
전라북도,익산시,여산면,여산리 412-4,여산시장,전통시장,36.0589124,127.0835545
전라북도,익산시,와리,565-26,함열시장,전통시장,36.0796279,126.9598446
전라북도,익산시,인화동1가,131-8,익산 구시장,전통시장,35.931588,126.9523553
전라북도,익산시,인화동2가,7,익산남부시장,전통시장,35.9321321,126.9534951
전라북도,익산시,창인동1가,88-5,매일시장,전통시장,35.9404076,126.9496766
전라북도,익산시,창인동1가,137-1,중앙시장,전통시장,35.9418055,126.950127
전라북도,익산시,창인동1가,115-13,서동시장,전통시장,35.9427673,126.9504127
전라북도,익산시,황등면,황등리58,황등시장,전통시장,35.9991228,126.9523791
전라북도,임실군,강진면,갈담리 515-4,강진시장,전통시장,35.5289351,127.1609352
전라북도,임실군,관촌면,관촌리 580-1 586,관촌시장,전통시장,35.6790044,127.2673922
전라북도,임실군,오수면,오수리 351-1,오수시장,전통시장,35.5382491,127.3269414
전라북도,임실군,임실읍,이도리 233-1,임실시장,전통시장,35.6144317,127.2830643
전라북도,장수군,산서면,동화리 839-73,산서시장,전통시장,35.5845568,127.3959034
전라북도,장수군,장계면,장계리 464-1,장계시장,전통시장,35.7296163,127.5824776
전라북도,장수군,장수읍,장수리 460-2,장수시장,전통시장,35.6492696,127.5174629
전라북도,전주시,덕진구,인후동2가 203-10,모래내시장(전주),전통시장,35.8336728,127.1437512
전라북도,전주시,완산구,태평동 43,전주신중앙시장(신중앙시장),전통시장,35.8238638,127.1431979
전라북도,전주시,완산구,전동 295-4,전주남부시장,전통시장,35.8128022,127.1475773
전라북도,전주시,완산구,효자동1가 201-63,서부시장상점가(서부시장 통합),전통시장,35.8052432,127.1266712
전라북도,전주시,완산구,태평동 36-1,전주중앙상가,전통시장,35.8248012,127.1422621
전라북도,정읍시,시기동,280-4,샘고을시장,전통시장,35.5630467,126.8550586
전라북도,정읍시,신태인읍,신태인리 85-10,신태인시장,전통시장,35.6847168,126.8878675
전라북도,정읍시,연지동,44,정읍연지시장,전통시장,35.5737233,126.8459471
전라북도,진안군,군상리,406-7,진안고원시장,전통시장,35.7926228,127.4294517
경상북도,경산시,서상동,10,경산공설시장,전통시장,35.820501,128.7353729
경상북도,경산시,자인면,서부리 254,자인공설시장,전통시장,35.8164754,128.8229959
경상북도,경주시,감포리,436-1,감포시장,전통시장,35.8041115,129.5020512
경상북도,경주시,건천읍,건천리 339-4,건천시장,전통시장,35.8483002,129.1048088
경상북도,경주시,구정동,429-7,불국시장,전통시장,35.7759834,129.3009816
경상북도,경주시,노동동,230,봉황중심상가시장,전통시장,35.8421457,129.2106723
경상북도,경주시,서면,아화리 240-2,서면시장,전통시장,35.8947207,129.0484692
경상북도,경주시,성건동,339-2,경주중앙시장,전통시장,35.8440274,129.2063261
경상북도,경주시,성건동,629-10,북부상가시장,전통시장,35.853546,129.2075797
경상북도,경주시,성동동,51-1번지 일원,경주성동공설시장,전통시장,35.8454311,129.2163007
경상북도,경주시,안강읍,양월리 1350-1,안강공설시장,전통시장,35.9900129,129.2220917
경상북도,경주시,양북면,어일리 1295-556,양북시장,전통시장,35.7904176,129.4411902
경상북도,경주시,진현동,66-5,불국사상가시장,전통시장,35.7858998,129.3276039
경상북도,경주시,하서리,1502,양남시장,전통시장,35.6752126,129.4638347
경상북도,경주시,황남동,307-1,황남상가시장,전통시장,35.8356732,129.210298
경상북도,경주시,황오동,234-1,경주중심상가시장,전통시장,35.8422468,129.2146788
경상북도,경주시,황오동,242-4,북정로중심상가시장,전통시장,35.8422634,129.2151765
경상북도,고령군,대가야읍,지산리 222-2,고령대가야시장,전통시장,35.726922,128.266853
경상북도,구미시,공단동,264-18,제일시장상가,전통시장,36.101697,128.3841164
경상북도,구미시,공단동,107,구미공단종합시장,전통시장,36.1207796,128.3715477
경상북도,구미시,도량동,77,구미파크시장,전통시장,36.1475097,128.3243707
경상북도,구미시,선산읍,완전리 253,선산봉황시장,전통시장,36.2397549,128.3011306
경상북도,구미시,신평동,150-4,신평전통시장,전통시장,36.1231476,128.3611871
경상북도,구미시,원평동,117-20 외,구미새마을중앙시장,전통시장,36.1308217,128.3298591
경상북도,구미시,원평동,1028-2,금오시장,전통시장,36.1262384,128.3406997
경상북도,구미시,원평동,119-2,현대유통쇼핑센타,전통시장,36.129979,128.3300551
경상북도,구미시,원평동,119-15,구미종합상가,전통시장,36.1305211,128.3304583
경상북도,구미시,원평동,118-31,종합제일시장,전통시장,36.130332,128.3296566
경상북도,구미시,임수동,92-9,구미산업유통단지,전통시장,36.1095575,128.4029964
경상북도,구미시,장천면,상장리 918,장천시장,전통시장,36.1257164,128.4933996
경상북도,구미시,해평면,낙성리 138,해평공설시장,전통시장,36.1958325,128.3919427
경상북도,구미시,형곡동,147-1,형곡시장프라자,전통시장,36.1128765,128.3343231
경상북도,구미시,형곡동,321,형곡중앙시장,전통시장,36.1063362,128.3365888
경상북도,구미시,황상동,307-7,인동시장,전통시장,36.1083201,128.420845
경상북도,군위군,군위읍,서부리 18-1,군위전통시장,전통시장,36.239875,128.567871
경상북도,군위군,의흥면,읍내리 594-1,의흥시장,전통시장,36.174101,128.716267
경상북도,김천시,모암동,157번지 일원,중앙시장,전통시장,36.1190281,128.1253925
경상북도,김천시,부곡동,409-1번지 일원,부곡시장,전통시장,36.1257073,128.1044918
경상북도,김천시,평화동,259-1,평화시장,전통시장,36.1237025,128.1129368
경상북도,김천시,황금동,31-1,황금시장,전통시장,36.1166593,128.1253004
경상북도,문경시,가은읍,왕능리 275-26,가은아자개시장,전통시장,36.646444,128.0609177
경상북도,문경시,문경읍,하리 88-2,문경전통시장,전통시장,36.7355777,128.107396
경상북도,문경시,점촌동,197-14,(유)문경시중앙시장,전통시장,36.5935563,128.1973647
경상북도,문경시,흥덕동,794-1,점촌전통시장 (구 신흥시장),전통시장,36.6012931,128.2042448
경상북도,문경시,흥덕동,794-1,문경중앙시장,전통시장,36.6012931,128.2042448
경상북도,봉화군,봉화읍,내성리 419-20,봉화상설시장,전통시장,36.8903295,128.7347542
경상북도,봉화군,봉화읍,내성리 192-1,봉화내성시장,전통시장,36.8888673,128.739268
경상북도,봉화군,춘양면,의양리 357-29,억지춘양시장,전통시장,36.9363896,128.9130309
경상북도,상주시,남성동,85-10,상주중앙시장,전통시장,36.4134119,128.1606967
경상북도,상주시,남성동,113-28,풍물시장,전통시장,36.4128621,128.1606317
경상북도,상주시,남성4길,43 일원,남성시장,전통시장,36.4144107,128.1621073
경상북도,상주시,은척면,봉중리383-2,은척시장,전통시장,36.5327395,128.0730645
경상북도,상주시,함창읍,구향리 122,함창시장,전통시장,36.5677519,128.1800476
경상북도,상주시,화서면,신봉3리 128-7,화령시장,전통시장,36.445436,127.951397
경상북도,성주군,성주읍,경산리 718-63,성주시장,전통시장,35.9144748,128.2851068
경상북도,안동시,서부동,181-1,안동구시장,전통시장,36.5657191,128.7279077
경상북도,안동시,옥야동,285-1,중앙신시장,전통시장,36.5650969,128.7241976
경상북도,안동시,용상동,1242,용상공설시장,전통시장,36.5593093,128.7500381
경상북도,안동시,율세동,410-5,북문시장,전통시장,36.5684772,128.7327368
경상북도,안동시,태화동,60-12,안동서부시장,전통시장,36.5652343,128.7149805
경상북도,안동시,풍산읍,하리리 234-6,풍산공설시장,전통시장,36.5772065,128.5765854
경상북도,안동시,풍천면,구담리 494-1,구담공설시장,전통시장,36.5420615,128.4642977
경상북도,영덕군,강구면,오포리 535,강구시장,전통시장,36.3579917,129.3804741
경상북도,영덕군,남정면,장사리365,남정시장,전통시장,36.2855737,129.372882
경상북도,영덕군,영해면,성내리 468-1,영해만세시장,전통시장,36.5404087,129.4074355
경상북도,영양군,영양로,영양읍 서부리 288-3,영양시장,전통시장,36.664588,129.115991
경상북도,영주시,영주동,315-6,영주골목시장,전통시장,36.8245464,128.6229693
경상북도,영주시,영주동,547,영주중앙시장,전통시장,36.8257666,128.6205372
경상북도,영주시,영주동,373-5,선비골전통시장,전통시장,36.8242977,128.6233503
경상북도,영주시,영주동,376-1,영주문화시장,전통시장,36.8240715,128.6235843
경상북도,영주시,풍기읍,성내리 1-4,풍기중앙시장,전통시장,36.8705959,128.5282474
경상북도,영주시,풍기읍,산법리 446-4 8,풍기선비골인삼시장,전통시장,36.886914,128.5406285
경상북도,영주시,풍기읍,성내리 148,풍기토종인삼시장,전통시장,36.8703791,128.5225796
경상북도,영주시,하망동,364-30,영주소백쇼핑몰,전통시장,36.8234787,128.6261789
경상북도,영주시,하망동,362-4,영주공설시장,전통시장,36.8227626,128.6264789
경상북도,영주시,휴천동,330,신영주번개시장,전통시장,36.8122417,128.6220565
경상북도,예천군,노하리,74-16,예천맛고을시장,전통시장,36.6569,128.4548607
경상북도,예천군,예천읍,동본리 553,예천상설시장,전통시장,36.6561212,128.4563124
경상북도,예천군,예천읍,동본리 497-1,예천중앙시장,전통시장,36.6574469,128.4577968
경상북도,예천군,용궁면,읍부리 329-1,용궁시장,전통시장,36.6068638,128.275288
경상북도,예천군,풍양면,낙상리 157-7,풍양시장,전통시장,36.5095213,128.2999315
경상북도,울진군,기성면,척산리 211-14,척산시장,전통시장,36.7969148,129.451419
경상북도,울진군,매화면,매화리 1180-1,매화시장,전통시장,36.9098911,129.3802707
경상북도,울진군,북면,부구리 135,흥부시장,전통시장,37.1036071,129.3751746
경상북도,울진군,울진읍,읍내리 63,울진바지게시장,전통시장,36.9913194,129.4020471
경상북도,울진군,죽변면,죽변리 36-8,죽변시장,전통시장,37.05901,129.4223022
경상북도,울진군,평해읍,평해리 879-3,평해시장,전통시장,36.7269413,129.4424208
경상북도,울진군,후포면,삼율리 126,후포시장,전통시장,36.6780294,129.4438049
경상북도,의성군,금성면,대리리 66-7,금성시장,전통시장,36.256264,128.6813401
경상북도,의성군,단촌면,하화리 1097-9,단촌정기시장,전통시장,36.4225899,128.673674
경상북도,의성군,봉양면,화전리 94-5,봉양시장,전통시장,36.2992851,128.581558
경상북도,의성군,안계면,용기리 467-1,안계공설시장,전통시장,36.3844758,128.4383177
경상북도,의성군,의성읍,도동리 758-4,의성공설재래시장,전통시장,36.3451783,128.7001691
경상북도,의성군,의성읍,후죽리 688,의성염매시장,전통시장,36.3502942,128.6956873
경상북도,청도군,금천면,동곡리 776,동곡공설시장,전통시장,35.6920165,128.8910365
경상북도,청도군,이서면,학산리 579-2,이서공설시장,전통시장,35.662709,128.666361
경상북도,청도군,청도읍,고수리 778 외,청도공설시장,전통시장,35.6441496,128.7457658
경상북도,청도군,청도군,풍각면 송서리 572-2,풍각공설시장,전통시장,35.641338,128.618641
경상북도,청송군,부남면,대전리 64-16,부남시장,전통시장,36.3465173,129.0644272
경상북도,청송군,안덕면,명당1리 안덕로57,안덕시장,전통시장,36.288977,128.959955
경상북도,청송군,진보면,진안리 121-3,진보시장,전통시장,36.5283708,129.0462946
경상북도,청송군,청송읍,월막리 423-1,청송시장,전통시장,36.435049,129.0524183
경상북도,청송군,현동면,도평리 839-103,도평시장,전통시장,36.2900986,129.0170697
경상북도,청송군,현서면,구산리 100-14,화목시장,전통시장,36.2753416,128.8971865
경상북도,칠곡군,왜관읍,왜관리 211-187,왜관시장,전통시장,35.9953823,128.398233
경상북도,포항시,남구,구룡포읍 구룡포리 963-2,구룡포시장,전통시장,35.9902836,129.5540722
경상북도,포항시,남구,오천읍 구정리 34-5,오천삼광시장,전통시장,35.9781349,129.4123928
경상북도,포항시,남구,오천읍 세계리 823-1,오천시장,전통시장,35.9658742,129.4179827
경상북도,포항시,남구,청림동 588-2,청림시장,전통시장,35.9965324,129.4103169
경상북도,포항시,남구,송도동 493-11,포항운하송림시장,전통시장,36.028176,129.3763345
경상북도,포항시,남구,연일읍 생지리 194-1,연일전통시장,전통시장,35.9963575,129.3487086
경상북도,포항시,남구,효자동 301-1,효자시장,전통시장,36.0079908,129.3315903
경상북도,포항시,남구,해도동 79-1,대해불빛시장,전통시장,36.0187891,129.3685818
경상북도,포항시,남구,동해면 약전리 436-3,영남시장,전통시장,35.9879001,129.4492143
경상북도,포항시,남구,해도동 435-31,포항큰동해시장,전통시장,36.0261721,129.371093
경상북도,포항시,남구,상도동 629,남부시장,전통시장,36.0126278,129.3561749
경상북도,포항시,남구,상도동 1-12,상대종합시장,전통시장,36.0199356,129.3610537
경상북도,포항시,남구,대도동 143-1,해도5(형산)시장,전통시장,36.0127295,129.3664082
경상북도,포항시,북구,기계면 현내리 403,기계시장,전통시장,36.069941,129.2084557
경상북도,포항시,북구,흥해읍 성내리 61-2,흥해시장,전통시장,36.110608,129.3483563
경상북도,포항시,북구,상원동 468-23,중앙상가,전통시장,36.0401465,129.3661482
경상북도,포항시,북구,죽도동 574-4,죽도어시장,전통시장,36.035151,129.369029
경상북도,포항시,북구,용흥동 357-1,한라종합시장,전통시장,36.0412124,129.3512655
경상북도,포항시,북구,환호동 377-5,환호그린빌시장,전통시장,36.0680266,129.391199
경상북도,포항시,북구,장성동 1352-1,그린종합시장,전통시장,36.0672892,129.3809659
경상북도,포항시,북구,창포동630,두호1시장,전통시장,36.0617262,129.3693624
경상북도,포항시,북구,대신동 63-16,영일대북부시장,전통시장,36.0466285,129.3689216
경상북도,포항시,북구,학잠동 83,양학시장,전통시장,36.0271701,129.3498886
경상북도,포항시,북구,두호동 1079,장량성도시장,전통시장,36.0684398,129.3813737
경상북도,포항시,북구,죽도동 2번지일대,죽도시장,전통시장,36.0357789,129.3669813
경상북도,포항시,북구,청하면 미남리 382-3,청하시장,전통시장,36.1970077,129.3398856
경상북도,포항시,죽도동,5-22,죽도농산물시장,전통시장,36.0345826,129.3679703
경상남도,거제시,능포동,633-215,옥수시장,전통시장,34.8753614,128.7308734
경상남도,거제시,옥포동,525-19,옥포국제시장,전통시장,34.8943843,128.6895486
경상남도,거창군,중앙리,154-12,거창시장,전통시장,35.6858378,127.9135325
경상남도,고성군,고성읍,서외리 1-6,고성시장,전통시장,34.9771324,128.3230351
경상남도,고성군,고성읍,성내리 212-3,고성공룡시장,전통시장,34.9726651,128.3233966
경상남도,고성군,영오면,영산리 232-1,영오시장,전통시장,35.1089551,128.2376053
경상남도,고성군,회화면,배둔리 826-2,배둔시장,전통시장,35.0573372,128.3691496
경상남도,김해시,동상동,877-2,김해전통시장(김해동상시장),전통시장,35.2362459,128.8838528
경상남도,김해시,무계동,189-3,장유전통시장(장유중앙시장),전통시장,35.2005914,128.8148056
경상남도,김해시,삼안로,삼방동 665-8,삼방시장,전통시장,35.2501,128.910037
경상남도,김해시,외동,1254-2,외동전통시장,전통시장,35.2329299,128.8660095
경상남도,김해시,진례면,송정리 239-3,진례전통시장,전통시장,35.2487444,128.7488648
경상남도,김해시,진영읍,진영리 235-16,진영전통시장,전통시장,35.3021917,128.7306275
경상남도,남해군,남면,당항리 1381-5,남면공설시장,전통시장,34.7710832,127.8857257
경상남도,남해군,이동면,무림리,이동공설시장,전통시장,34.7932,127.9589
경상남도,밀양시,내일동,174-9,내일전통시장,전통시장,35.4933381,128.7533498
경상남도,밀양시,내일동,583-1,밀양아리랑시장,전통시장,35.4930253,128.7525602
경상남도,밀양시,무안면,무안리 814-2,무안시장(무안임시시장),전통시장,35.4701911,128.6521063
경상남도,밀양시,산내면,송백리 1319-13,송백시장,전통시장,35.5862918,128.8817396
경상남도,밀양시,삼랑진읍,송지리359의15,송지시장,전통시장,35.3980029,128.8381143
경상남도,밀양시,하남읍,수산리815-18,수산시장,전통시장,35.3742261,128.7087887
경상남도,사천시,곤양면,남문외리 48-4,곤양종합시장,전통시장,35.0566243,127.9632145
경상남도,사천시,동금동88-4,,삼천포종합시장,전통시장,34.9321224,128.0786584
경상남도,사천시,동동,485-2,삼천포용궁수산시장,전통시장,34.9274576,128.0704854
경상남도,사천시,서동,311-112,삼천포전통수산시장,전통시장,34.9271773,128.0699051
경상남도,사천시,서포면,구평리 644-3,서포시장,전통시장,35.0067885,127.9779823
경상남도,사천시,선구동17-4,,삼천포중앙시장,전통시장,34.9291969,128.0768116
경상남도,사천시,정의리,392-2,사천읍시장,전통시장,35.0844079,128.0886977
경상남도,산천군,단성면,성내리 178,단성시장,전통시장,35.298199,127.958088
경상남도,산청군,산청읍,산청리 252-2,산청시장,전통시장,35.4148578,127.8761739
경상남도,산청군,생초면,어서리 259-14,생초시장,전통시장,35.4924153,127.836127
경상남도,산청군,시천면,사리 931-3,덕산시장,전통시장,35.276946,127.8376008
경상남도,산청군,신동면,단계리 784,단계시장,전통시장,35.37705,128.011477
경상남도,양산시,북부동,148-19,양산북부시장,전통시장,35.3504434,129.0412153
경상남도,양산시,삼호동,524,서창시장,전통시장,35.4163576,129.1720026
경상남도,양산시,상북면,석계리 34-9,석계시장,전통시장,35.4195819,129.0639252
경상남도,양산시,중부동,423-5,양산남부시장,전통시장,35.3428196,129.0372106
경상남도,양산시,중부동,407-3,양산남부시장상가,전통시장,35.3433795,129.0370363
경상남도,양산시,하북면,순지리 575,신평시장,전통시장,35.4908483,129.085962
경상남도,의령군,부림면,신반리519-3,신반시장,전통시장,35.4676376,128.3250809
경상남도,의령군,의령읍,중동리 386-7,의령시장,전통시장,35.3186909,128.2613479
경상남도,진주시,금곡면,두문리 639-1,금곡시장,전통시장,35.0907803,128.1862202
경상남도,진주시,대곡면,광석리 321,대곡시장,전통시장,35.2633861,128.1684178
경상남도,진주시,문산읍,소문리 112-6,문산시장,전통시장,35.1704392,128.1691792
경상남도,진주시,봉곡동28-5,,새서부시장,전통시장,35.1949318,128.0759324
경상남도,진주시,수정동,25-28,진주청과시장,전통시장,35.1962454,128.0866682
경상남도,진주시,이현동,21-3,이현종합상가,전통시장,35.1919877,128.0661319
경상남도,진주시,일반성면,창촌리 92,일반성시장,전통시장,35.1712097,128.2821864
경상남도,진주시,장대동,58-8,진주논개시장(장대시장),전통시장,35.1950662,128.087241
경상남도,진주시,평거동,301-1,평거한보하이타운,전통시장,35.1726352,128.0592803
경상남도,창녕군,남지읍,남지리 531,남지시장,전통시장,35.3890923,128.482465
경상남도,창녕군,영산면,성내리 516-4,영산시장,전통시장,35.4569479,128.5325193
경상남도,창녕군,이방면,거남리 43-5,이방정기시장,전통시장,35.6109149,128.3945596
경상남도,창녕군,창녕읍,164-38,창녕상설시장,전통시장,35.54127,128.500761
경상남도,창원시,마산,회원구 구암동 87,구암시장,전통시장,35.249059,128.599042
경상남도,창원시,마산합포구,추산동 1-57,북마산가구시장,전통시장,35.2102883,128.5721718
경상남도,창원시,마산합포구,해운동 12-13,월영대시장,전통시장,35.1794479,128.5576757
경상남도,창원시,마산합포구,해운동 37-4,대동씨코아상가시장,전통시장,35.179768,128.5624639
경상남도,창원시,마산합포구,동성동 314,마산어시장,전통시장,35.2037654,128.57896
경상남도,창원시,마산합포구,반월동 85-3,신마산반월시장,전통시장,35.1892407,128.5610101
경상남도,창원시,마산합포구,부림동 83-244,부림상시장,전통시장,35.2061406,128.5729399
경상남도,창원시,마산합포구,부림동 32,부림시장,전통시장,35.2061873,128.5734926
경상남도,창원시,마산합포구,상남동 40-1,북마산중앙시장,전통시장,35.2160702,128.5711621
경상남도,창원시,마산합포구,산호동 28-8,산호시장,전통시장,35.2183703,128.5817638
경상남도,창원시,마산합포구,해운동 64,신마산시장,전통시장,35.1810888,128.5616729
경상남도,창원시,마산합포구,동성동 313,정우새어시장,전통시장,35.2041141,128.5787279
경상남도,창원시,마산합포구,진동면 진동리237-11,진동시장,전통시장,35.1135735,128.4879801
경상남도,창원시,마산합포구,진동면 진동리264-3,진동전통시장,전통시장,35.1133559,128.4872938
경상남도,창원시,마산합포구,동성동 310-1,마산수산시장,전통시장,35.2026495,128.5801622
경상남도,창원시,마산회원구,석전동 227-1,마산역번개시장,전통시장,35.2367304,128.5787509
경상남도,창원시,마산회원구,구암동 19-11,구암현대시장,전통시장,35.2477141,128.5910419
경상남도,창원시,마산회원구,석전동 155-1,서마산시장,전통시장,35.2290932,128.5691548
경상남도,창원시,마산회원구,석전동 257-1,석전시장,전통시장,35.2304218,128.5748965
경상남도,창원시,마산회원구,회성동 450-2,회성종합시장,전통시장,35.2329526,128.5594004
경상남도,창원시,명서동,75-1,명서시장,전통시장,35.2493424,128.646576
경상남도,창원시,의창우,북동 249-1,북동공설시장,전통시장,35.266214,128.620746
경상남도,창원시,성산구,원이대로 883번지 15-24,가음대상가,전통시장,35.198384,128.70294
경상남도,창원시,성산구,가음동 21-20,가음정시장,전통시장,35.2079585,128.6970839
경상남도,창원시,성산구,중앙동 98-6,덕산그린피아상가,전통시장,35.221695,128.6760018
경상남도,창원시,성산구,대방동 358,대동훼미리코아상가,전통시장,35.2110527,128.7088677
경상남도,창원시,성산구,대방동 356,대방덕산1차상가,전통시장,35.2127965,128.7065623
경상남도,창원시,성산구,반림동 17-13,반송시장,전통시장,35.2351503,128.6710726
경상남도,창원시,성산구,상남동 45-1,성원그랜드쇼핑상가,전통시장,35.2166948,128.6920668
경상남도,창원시,성산구,신촌동 15-6,양곡유신종합상가,전통시장,35.2075511,128.6267424
경상남도,창원시,성산구,중앙동 69-1,중앙시장(창원중앙시장),전통시장,35.2271896,128.676033
경상남도,창원시,성산구,중앙동97-6,창원캔버라상가,전통시장,35.2212244,128.6768262
경상남도,창원시,마산,회원구 양덕북 12가-113,경민인터빌상가,전통시장,35.234169,128.58513
경상남도,창원시,마산합포구,오동동 18-61,기산프라자,전통시장,35.205272,128.5808028
경상남도,창원시,의창구,봉곡동61-10,봉곡프라자상가,전통시장,35.2456395,128.6594765
경상남도,창원시,의창구,실월동68-1,토월복합상가시장,전통시장,35.255617,128.634909
경상남도,창원시,의창구,도계동 400-1,도계부부시장,전통시장,35.2573315,128.637269
경상남도,창원시,의창구,봉곡동145-1,봉곡민속체험시장,전통시장,35.2469711,128.6720008
경상남도,창원시,의창구,북동 229-5,소답시장,전통시장,35.2656405,128.6212826
경상남도,창원시,의창구,소계동 723-15,소계옛길시장,전통시장,35.2577911,128.5983802
경상남도,창원시,의창구,봉곡동 61-4,지귀시장,전통시장,35.2457057,128.6588876
경상남도,창원시,진해구,경화동 906,경화시장,전통시장,35.1570362,128.6904113
경상남도,창원시,진해구,마천동 134-6,마천시장,전통시장,35.1255915,128.7822048
경상남도,창원시,진해구,성내동 327,웅천시장,전통시장,35.1111902,128.7505835
경상남도,창원시,진해구,경화동 1164-1,중부시장,전통시장,35.1548232,128.6815686
경상남도,창원시,진해구,벚꽃로 화천동 60-1,진해중앙시장,전통시장,35.13306,128.710081
경상남도,창원시,마산,회원구 합성동 732-7,합성옛길시장,전통시장,35.235596,128.582024
경상남도,창원시,마산,회원구 합성동 326-1,동마산시장,전통시장,35.240083,128.587605
경상남도,창원시,회원구,합성동 125-3,합성동상가,전통시장,35.23773,128.583485
경상남도,창원시,회원구,양덕동 15-1,양덕중앙시장,전통시장,35.232641,128.584162
경상남도,창원시,회원구,석천2동 226-2,역전통합시장,전통시장,35.235461,128.57923
경상남도,창원시,회원구,내서읍 호계리 10,코오롱타운상가,전통시장,35.267177,128.525743
경상남도,창원시,회원구,합성동 85-14,합성대로상가,전통시장,35.238675,128.582426
경상남도,통영시,북신동,665-16,북신전통시장,전통시장,34.854158,128.4275206
경상남도,통영시,중앙동,38-4,통영중앙전통시장,전통시장,34.8452887,128.4246418
경상남도,하동군,금남면,계천리 355-3,계천공설시장(계천시장),전통시장,34.9962861,127.8092694
경상남도,하동군,북천면,직전리 597-1,북천공설시장,전통시장,35.1137733,127.8919492
경상남도,하동군,옥종면,청룡리,옥종공설시장,전통시장,35.1738,127.856
경상남도,하동군,진교면,진교리302-4,진교공설시장,전통시장,35.0268872,127.904186
경상남도,하동군,하동읍,읍내리 258-1,하동공설시장,전통시장,35.070018,127.7483845
경상남도,하동군,화개면,탑리 726-10,화개장터,전통시장,35.1885936,127.6241163
경상남도,하동군,횡천면,횡천리 507-2,횡천공설시장(횡천시장),전통시장,35.1091708,127.8107081
경상남도,함안군,가야읍,말산리 470-1,가야상설시장(가야시장),전통시장,35.2772052,128.4064015
경상남도,함안군,군북면,중암리83-16,군북공설시장,전통시장,35.261057,128.3468442
경상남도,함안군,대산면,구혜리221-3,대산공설시장,전통시장,35.35284,128.4279371
경상남도,함안군,칠원면,구성리 734-7,칠원공설시장,전통시장,35.3057768,128.5193859
경상남도,함양군,서상면,도천리 1074-5,서상전통시장(서상시장),전통시장,35.679902,127.6883546
경상남도,함양군,안의면,이전리 15,함양토종약초시장,전통시장,35.6259498,127.8137117
경상남도,함양군,안의면,석천리 243,안의시장,전통시장,35.6264084,127.8141297
경상남도,함양군,함양읍,용평리 607-104,지리산함양시장,전통시장,35.5185824,127.7290547
경상남도,합천군,가야면,황산리 17-1,가야시장,전통시장,35.7600647,128.1382707
경상남도,합천군,삼가면,일부리 921-1,삼가시장,전통시장,35.4129427,128.1223629
경상남도,합천군,야로면,구정리 273-4,야로시장,전통시장,35.7061114,128.1686123
경상남도,합천군,초계리,50-1,초계시장,전통시장,35.559488,128.2669369
경상남도,합첩군,합천읍,합천리473-1,합천시장,전통시장,35.568374,128.160546
