Bank_Type,Bank_Name,Bank_Address,County,City,Town,Address,Latitude,Longitude
BNK경남은행,LH,경상남도 진주시 충무공동   충의로 19  LH진주사옥,경상남도,진주시,충무공동,충의로 19 LH진주사옥,35.1749,128.150337
BNK경남은행,가음정금융센터,경상남도 창원시 성산구   대정로 36,경상남도,창원시,성산구,대정로 36,35.2075342,128.6989217
BNK경남은행,거제고현,경상남도 거제시 고현동   거제중앙로 1895,경상남도,거제시,고현동,거제중앙로 1895,34.88219,128.618473
BNK경남은행,거제금융센터,경상남도 거제시 고현동   서문로 3길 26,경상남도,거제시,고현동,서문로 3길 26,34.88219,128.618473
BNK경남은행,거창,경상남도 거창군 거창읍   거열로 116,경상남도,거창군,거창읍,거열로 116,35.6886058,127.9065094
BNK경남은행,경남대,경상남도 창원시 마산합포구   경남대학로 7,경상남도,창원시,마산합포구,경남대학로 7,35.1801979,128.5532458
BNK경남은행,경남도청,경상남도 창원시 의창구   중앙대로 300,경상남도,창원시,의창구,중앙대로 300,35.2377974,128.6919403
BNK경남은행,경남테크노파크,경상남도 창원시 의창구   창원대로 18번길 22 경남테크노파크 본부동 1층,경상남도,창원시,의창구,창원대로 18번길 22 경남테크노파크 본부동 1층,35.2523477,128.6047700
BNK경남은행,고성,경상남도 고성군 고성읍   동외로 149,경상남도,고성군,고성읍,동외로 149,34.9746171,128.3256668
BNK경남은행,김해금융센터,경상남도 김해시 부원동   김해대로 2341,경상남도,김해시,부원동,김해대로 2341,35.228715,128.886565
BNK경남은행,김해삼계,경상남도 김해시 삼계동   가야로 30번길 1,경상남도,김해시,삼계동,가야로 30번길 1,35.2732,128.865163
BNK경남은행,김해시청,경상남도 김해시 부원동   김해대로 2401,경상남도,김해시,부원동,김해대로 2401,35.228715,128.886565
BNK경남은행,남마산,경상남도 창원시 마산합포구   해안대로 7,경상남도,창원시,마산합포구,해안대로 7,35.1807905,128.5597378
BNK경남은행,남진주,경상남도 진주시 칠암동   진주대로 884,경상남도,진주시,칠암동,진주대로 884,35.18291,128.093387
BNK경남은행,남해,경상남도 남해군 남해읍   화전로 116,경상남도,남해군,남해읍,화전로 116,34.8416626,127.8940549
BNK경남은행,내서,경상남도 창원시 마산회원구   삼계로 5,경상남도,창원시,마산회원구,삼계로 5,35.2317627,128.5043274
BNK경남은행,내외동,경상남도 김해시 내동   내외중앙로 75,경상남도,김해시,내동,내외중앙로 75,35.2424,128.8622
BNK경남은행,대방동,경상남도 창원시 성산구   가양로 124번길 7,경상남도,창원시,성산구,가양로 124번길 7,35.2085935,128.7071952
BNK경남은행,대청,경상남도 김해시 대청동   번화1로 70,경상남도,김해시,대청동,번화1로 70,35.1863,128.7761
BNK경남은행,마산대학,경상남도 창원시 마산회원구   내서읍 함마대로 2640,경상남도,창원시,마산회원구,내서읍 함마대로 2640,35.2595221,128.5040311
BNK경남은행,마산법원,경상남도 창원시 마산합포구   완월동 7길 16 마산지원 1층 민원실,경상남도,창원시,마산합포구,완월동 7길 16 마산지원 1층 민원실,35.1979345,128.5663212
BNK경남은행,마산자유무역,경상남도 창원시 마산회원구   자유무역 1길 24,경상남도,창원시,마산회원구,자유무역 1길 24,35.2120025,128.5887232
BNK경남은행,마산합포구청,경상남도 창원시 마산합포구   3·15대로 210 합포구청 1층,경상남도,창원시,마산합포구,3·15대로 210 합포구청 1층,35.1968740,128.5678630
BNK경남은행,마산회원구청,경상남도 창원시 마산회원구   삼호로 63 회원구청 민원실 내,경상남도,창원시,마산회원구,삼호로 63 회원구청 민원실 내,35.2209320,128.5797060
BNK경남은행,메트로시티,경상남도 창원시 마산회원구   삼호로 80,경상남도,창원시,마산회원구,삼호로 80,35.2254724,128.5857339
BNK경남은행,명곡금융센터,경상남도 창원시 의창구   원이대로 265,경상남도,창원시,의창구,원이대로 265,35.2435357,128.6493399
BNK경남은행,물금,경상남도 양산시 물금읍   서들로 148,경상남도,양산시,물금읍,서들로 148,35.3118186,129.0066871
BNK경남은행,밀양,경상남도 밀양시 삼문동   밀양대로 1757,경상남도,밀양시,삼문동,밀양대로 1757,35.481729,128.748685
BNK경남은행,반송동,경상남도 창원시 성산구   원이대로 473번길 26,경상남도,창원시,성산구,원이대로 473번길 26,35.2357778,128.6708761
BNK경남은행,봉곡동,경상남도 창원시 의창구   창이대로 309번길 9,경상남도,창원시,의창구,창이대로 309번길 9,35.2469314,128.6707973
BNK경남은행,봉암동,경상남도 창원시 마산회원구   양덕로 7-1,경상남도,창원시,마산회원구,양덕로 7-1,35.2217571,128.5928560
BNK경남은행,북면,"경상남도 창원시 의창구 북면   동전로 63 현대힐프라자 104호, 203호",경상남도,창원시,의창구,"북면 동전로 63 현대힐프라자 104호, 203호",35.3018790,128.5955643
BNK경남은행,사천,경상남도 사천시 사천읍   역사길 11-22,경상남도,사천시,사천읍,역사길 11-22,35.0805144,128.0849021
BNK경남은행,산막공단,경상남도 양산시 산막동   산막공단북 9길 59,경상남도,양산시,산막동,산막공단북 9길 59,35.3733,129.0561
BNK경남은행,산청,경상남도 산청군 산청읍   산엔청로 12,경상남도,산청군,산청읍,산엔청로 12,35.4147344,127.8748952
BNK경남은행,산호동,경상남도 창원시 마산합포구   합포로 215,경상남도,창원시,마산합포구,합포로 215,35.2164141,128.5869933
BNK경남은행,삼성창원병원,경상남도 창원시 마산회원구   팔용로 158 삼성창원병원 신축 본관 1층,경상남도,창원시,마산회원구,팔용로 158 삼성창원병원 신축 본관 1층,35.2424957,128.5923771
BNK경남은행,삼천포,경상남도 사천시 동금동   중앙로 85,경상남도,사천시,동금동,중앙로 85,34.931043,128.081025
BNK경남은행,상남동,경상남도 창원시 성산구   상남로  60,경상남도,창원시,성산구,상남로 60,35.2193339,128.6795929
BNK경남은행,서진주,경상남도 진주시 봉곡동   진주성로 62,경상남도,진주시,봉곡동,진주성로 62,35.194818,128.075063
BNK경남은행,서창,경상남도 양산시 삼호동   삼호 1길 55,경상남도,양산시,삼호동,삼호 1길 55,35.407,129.1837
BNK경남은행,석동,경상남도 창원시 진해구   진해대로 752,경상남도,창원시,진해구,진해대로 752,35.1588178,128.6974237
BNK경남은행,성산구청,경상남도 창원시 성산구   창원대로 1086 성산구청 민원실,경상남도,창원시,성산구,창원대로 1086 성산구청 민원실,35.1983844,128.7029401
BNK경남은행,소답동,경상남도 창원시 의창구   의안로 17번길 2,경상남도,창원시,의창구,의안로 17번길 2,35.2632944,128.6237641
BNK경남은행,양덕동금융센터,경상남도 창원시 마산회원구   양덕로 135,경상남도,창원시,마산회원구,양덕로 135,35.2305749,128.5840081
BNK경남은행,양산금융센터,경상남도 양산시 중부동   삼일로 102,경상남도,양산시,중부동,삼일로 102,35.339707,129.0306
BNK경남은행,양산기업금융,경상남도 양산시 북정동   양산대로 998,경상남도,양산시,북정동,양산대로 998,35.3621,129.0494
BNK경남은행,양산시청,경상남도 양산시 북부동   북안남 2길 36 양산시 제 2청사,경상남도,양산시,북부동,북안남 2길 36 양산시 제 2청사,35.3466,129.041
BNK경남은행,어방동,경상남도 김해시 어방동   분성로 524,경상남도,김해시,어방동,분성로 524,35.2378,128.9033
BNK경남은행,영업부,경상남도 창원시 마산회원구   3·15대로 642,경상남도,창원시,마산회원구,3·15대로 642,35.2304162,128.5769673
BNK경남은행,옥포,경상남도 거제시 옥포동   옥포대첩로 39,경상남도,거제시,옥포동,옥포대첩로 39,34.890985,128.692684
BNK경남은행,외동기업금융,경상북도 경주시 외동읍   우박길 57,경상북도,경주시,외동읍,우박길 57,35.6783452,129.3201280
BNK경남은행,용원금융센터,경상남도 창원시 진해구   용원서로 44,경상남도,창원시,진해구,용원서로 44,35.1014875,128.8135755
BNK경남은행,용지로,경상남도 창원시 의창구   용지로 226,경상남도,창원시,의창구,용지로 226,35.255617,128.634909
BNK경남은행,월영,"경상남도 창원시 마산합포구   가포순환로 33, 1동 상가 203호, 204호",경상남도,창원시,마산합포구,"가포순환로 33, 1동 상가 203호, 204호",35.1744188,128.5650295
BNK경남은행,유니시티,경상남도 창원시 의창구   중동중앙로 47,경상남도,창원시,의창구,중동중앙로 47,35.2566260,128.6249983
BNK경남은행,율하,경상남도 김해시 율하동   율하1로 106,경상남도,김해시,율하동,율하1로 106,35.1676,128.8075
BNK경남은행,의령,경상남도 의령군 의령읍   의병로 24길 4,경상남도,의령군,의령읍,의병로 24길 4,35.3197710,128.2641052
BNK경남은행,의창구청,경상남도 창원시 의창구   원이대로 56번길 19-15 의창구청 內 1층,경상남도,창원시,의창구,원이대로 56번길 19-15 의창구청 內 1층,35.2550764,128.6344088
BNK경남은행,장유,경상남도 김해시 부곡동   능동로 159,경상남도,김해시,부곡동,능동로 159,35.2141,128.7956
BNK경남은행,정촌공단,경상남도 진주시 정촌면   화개천로 126,경상남도,진주시,정촌면,화개천로 126,35.1281330,128.1039151
BNK경남은행,주촌공단금융센터,경상남도 김해시 주촌면   골든루트로 77,경상남도,김해시,주촌면,골든루트로 77,35.2130592,128.8297390
BNK경남은행,중리,경상남도 창원시 마산회원구   호원로 317,경상남도,창원시,마산회원구,호원로 317,35.2617852,128.5231495
BNK경남은행,중앙동금융센터,경상남도 창원시 마산합포구   3·15대로 188,경상남도,창원시,마산합포구,3·15대로 188,35.1948360,128.5670323
BNK경남은행,지내동,경상남도 김해시 지내동   김해대로 2669,경상남도,김해시,지내동,김해대로 2669,35.231468,128.923438
BNK경남은행,진동,경상남도 창원시 마산합포구   삼진의거대로 623,경상남도,창원시,마산합포구,삼진의거대로 623,35.1153151,128.4859660
BNK경남은행,진례기업금융,경상남도 김해시 진례면   서부로 913,경상남도,김해시,진례면,서부로 913,35.2277923,128.7696096
BNK경남은행,진영,경상남도 김해시 진영읍   본산로 15-17,경상남도,김해시,진영읍,본산로 15-17,35.3066815,128.7366013
BNK경남은행,진주금융센터,경상남도 진주시 상대동   동진로 154,경상남도,진주시,상대동,동진로 154,35.180097,128.111759
BNK경남은행,진주시청,경상남도 진주시 상대동   동진로 155,경상남도,진주시,상대동,동진로 155,35.180097,128.111759
BNK경남은행,진주영업부,경상남도 진주시 충무공동   충의로 26,경상남도,진주시,충무공동,충의로 26,35.1749,128.150337
BNK경남은행,진주중앙,경상남도 진주시 동성동   진주대로 1042,경상남도,진주시,동성동,진주대로 1042,35.191551,128.0852
BNK경남은행,진해,경상남도 창원시 진해구   충장로 124,경상남도,창원시,진해구,충장로 124,35.1518163,128.6655226
BNK경남은행,진해구청,경상남도 창원시 진해구   진해대로 1101 진해구청 1층,경상남도,창원시,진해구,진해대로 1101 진해구청 1층,35.1326609,128.7106409
BNK경남은행,진해기업금융,경상남도 창원시 진해구   진해대로 1114번길 15,경상남도,창원시,진해구,진해대로 1114번길 15,35.1290786,128.7093667
BNK경남은행,창녕,경상남도 창녕군 창녕읍   군청길 18,경상남도,창녕군,창녕읍,군청길 18,35.5425332,128.4920631
BNK경남은행,창동,경상남도 창원시 마산합포구   동서동2길 33,경상남도,창원시,마산합포구,동서동2길 33,35.2018332,128.5726276
BNK경남은행,창신대학,경상남도 창원시 마산회원구   팔용로 262 창신대학 제2캠퍼스 학생회관 1층,경상남도,창원시,마산회원구,팔용로 262 창신대학 제2캠퍼스 학생회관 1층,35.2442062,128.5996750
BNK경남은행,창원공단,경상남도 창원시 성산구   공단로 230,경상남도,창원시,성산구,공단로 230,35.2145108,128.6485378
BNK경남은행,창원대로,경상남도 창원시 의창구   창원대로 390,경상남도,창원시,의창구,창원대로 390,35.2343515,128.6402468
BNK경남은행,창원대산,경상남도 창원시 의창구   진산대로 355번길 14-16,경상남도,창원시,의창구,진산대로 355번길 14-16,35.3326169,128.7084868
BNK경남은행,창원레포츠파크,경상남도 창원시 성산구   원이대로 470 경륜장내,경상남도,창원시,성산구,원이대로 470 경륜장내,35.2320603,128.6679962
BNK경남은행,창원법원,경상남도 창원시 성산구   창이대로 681,경상남도,창원시,성산구,창이대로 681,35.2241930,128.7008766
BNK경남은행,창원시설공단,경상남도 창원시 성산구   원이대로 450 주경기장내 1층,경상남도,창원시,성산구,원이대로 450 주경기장내 1층,35.2339886,128.6647016
BNK경남은행,창원시청,경상남도 창원시 의창구   중앙대로 151,경상남도,창원시,의창구,중앙대로 151,35.255617,128.634909
BNK경남은행,창원영업부,경상남도 창원시 성산구   중앙대로 23,경상남도,창원시,성산구,중앙대로 23,35.2181131,128.6745755
BNK경남은행,창원중앙,경상남도 창원시 의창구   원이대로 581,경상남도,창원시,의창구,원이대로 581,35.255617,128.634909
BNK경남은행,창원컨벤션센터,경상남도 창원시 성산구   원이대로 362 CECO 내 전시동,경상남도,창원시,성산구,원이대로 362 CECO 내 전시동,35.2382009,128.6571599
BNK경남은행,창원파티마병원,"경상남도 창원시 의창구   이대로 45, 1층",경상남도,창원시,의창구,"이대로 45, 1층",35.255617,128.634909
BNK경남은행,초장동,경상남도 진주시 초전동   초전북로51번길8,경상남도,진주시,초전동,초전북로51번길8,35.206,128.1168
BNK경남은행,칠원,경상남도 함안군 칠원면   삼칠로 148,경상남도,함안군,칠원면,삼칠로 148,35.3094538,128.5189902
BNK경남은행,토월,경상남도 창원시 성산구   동산로 122,경상남도,창원시,성산구,동산로 122,35.2184681,128.6904831
BNK경남은행,통영,경상남도 통영시 무전동   무전대로 33,경상남도,통영시,무전동,무전대로 33,34.858955,128.429039
BNK경남은행,통영지원,"경상남도 통영시 용남면   동달안길 67, 창원지방법원 통영지원내",경상남도,통영시,용남면,"동달안길 67, 창원지방법원 통영지원내",34.8650088,128.4459439
BNK경남은행,팔용동,경상남도 창원시 의창구   평산로 96,경상남도,창원시,의창구,평산로 96,35.2516385,128.6196834
BNK경남은행,평거동,경상남도 진주시 신안동   진양호로 284,경상남도,진주시,신안동,진양호로 284,35.184485,128.068982
BNK경남은행,포항,경상북도 포항시 남구   포스코대로 358,경상북도,포항시,남구,포스코대로 358,36.0166179,129.3619169
BNK경남은행,하동,경상남도 하동군 하동읍   중앙로 15,경상남도,하동군,하동읍,중앙로 15,35.0701547,127.7508472
BNK경남은행,한국항공우주산업,경상남도 사천시 사남면   공단1로 78 한국항공우주산업㈜ 내 복지동 2층,경상남도,사천시,사남면,공단1로 78 한국항공우주산업㈜ 내 복지동 2층,35.0774302,128.0649578
BNK경남은행,한화오션,경상남도 거제시 아주동   거제대로 3370 대우조선해양㈜ 내,경상남도,거제시,아주동,거제대로 3370 대우조선해양㈜ 내,34.862204,128.690564
BNK경남은행,함안,경상남도 함안군 가야읍   말산로 15,경상남도,함안군,가야읍,말산로 15,35.2732905,128.4082520
BNK경남은행,함양,경상남도 함양군 함양읍   고운로 60,경상남도,함양군,함양읍,고운로 60,35.5204329,127.7280443
BNK경남은행,합성동,경상남도 창원시 마산회원구   3·15대로 792,경상남도,창원시,마산회원구,3·15대로 792,35.2421159,128.5850931
BNK경남은행,합천,경상남도 합천군 합천읍   충효로 70,경상남도,합천군,합천읍,충효로 70,35.5665033,128.1612741
BNK경남은행,회원동,경상남도 창원시 마산회원구   북성로 115,경상남도,창원시,마산회원구,북성로 115,35.2175416,128.5703343
BNK부산은행,거제고현,경상남도 거제시 (고현동)   거제중앙로29번길,경상남도,거제시,고현동,거제중앙로29번길,34.88219,128.618473
BNK부산은행,김해금융센터,경상남도 김해시 (부원동)   가락로,경상남도,김해시,부원동,가락로,35.228715,128.886565
BNK부산은행,김해주촌공단,경상남도 김해시 주촌면   골든루트로66번길 5,경상남도,김해시,주촌면,골든루트로66번길 5,35.2124180,128.8306774
BNK부산은행,남양산,경상남도 양산시 (중부동)   양산역로,경상남도,양산시,중부동,양산역로,35.339707,129.0306
BNK부산은행,내외동,경상남도 김해시 (외동)   함박로,경상남도,김해시,외동,함박로,35.2336,128.8595
BNK부산은행,덕계,경상남도 양산시 (덕계동)   덕계로,경상남도,양산시,덕계동,덕계로,35.375129,129.149157
BNK부산은행,동김해,경상남도 김해시 (어방동)   인제로,경상남도,김해시,어방동,인제로,35.2378,128.9033
BNK부산은행,마산,경상남도 창원시 마산회원구   봉양로,경상남도,창원시,마산회원구,봉양로,35.220932,128.579706
BNK부산은행,물금신도시,경상남도 양산시 물금읍   야리로,경상남도,양산시,물금읍,야리로,35.31046,128.98725
BNK부산은행,삼계동,경상남도 김해시 (삼계동)   삼계중앙로,경상남도,김해시,삼계동,삼계중앙로,35.2732,128.865163
BNK부산은행,양산금융센터,경상남도 양산시 (북부동)   중앙로,경상남도,양산시,북부동,중앙로,35.3466,129.041
BNK부산은행,양산석산,경상남도 양산시 동면   금오13길,경상남도,양산시,동면,금오13길,35.323485,129.061886
BNK부산은행,용원,경상남도 창원시 진해구   안골로,경상남도,창원시,진해구,안골로,35.13306,128.710081
BNK부산은행,장유,경상남도 김해시 장유면   계동로,경상남도,김해시,장유면,계동로,35.165946,128.830781
BNK부산은행,진영,경상남도 김해시 진영읍   서부로,경상남도,김해시,진영읍,서부로,35.304435,128.736909
BNK부산은행,창원,경상남도 창원시 성산구   중앙대로,경상남도,창원시,성산구,중앙대로,35.198384,128.70294
IBK기업은행,거제,경상남도 거제시 고현동   거제중앙로31길 19,경상남도,거제시,고현동,거제중앙로31길 19,34.88219,128.618473
IBK기업은행,경산,경상북도 경산시 계양동   남매공원로1길 9,경상북도,경산시,계양동,남매공원로1길 9,35.8248,128.7467
IBK기업은행,경산공단,경상북도 경산시 진량읍   공단6로24길 17,경상북도,경산시,진량읍,공단6로24길 17,35.8699070,128.8268880
IBK기업은행,경산기업스마트,경상북도 경산시 와촌면   지식산업2로8길 21,경상북도,경산시,와촌면,지식산업2로8길 21,35.9401652,128.8297518
IBK기업은행,경주,경상북도 경주시 황오동   화랑로 146,경상북도,경주시,황오동,화랑로 146,35.8414,129.2184
IBK기업은행,광양,전라남도 광양시 중동   오류로 52,전라남도,광양시,중동,오류로 52,34.9364,127.6938
IBK기업은행,구미,경상북도 구미시 공단동   수출대로 124,경상북도,구미시,공단동,수출대로 124,36.0993,128.3798
IBK기업은행,구미3공단,경상북도 구미시 임수동   3공단2로 331,경상북도,구미시,임수동,3공단2로 331,36.1132731,128.4116521
IBK기업은행,구미4공단,경상북도 구미시 산동면   산호대로41길 5,경상북도,구미시,산동면,산호대로41길 5,36.1389413,128.4388683
IBK기업은행,구미첨단타워,경상북도 구미시 공단동   산호대로 253,경상북도,구미시,공단동,산호대로 253,36.0993,128.3798
IBK기업은행,구미형곡,경상북도 구미시 형곡동   신시로 69,경상북도,구미시,형곡동,신시로 69,36.114007,128.334438
IBK기업은행,군산,전라북도 군산시 중앙로1가   중앙로 191,전라북도,군산시,중앙로1가,중앙로 191,35.986934,126.712
IBK기업은행,군산수송,전라북도 군산시 수송동   수송북로 7,전라북도,군산시,수송동,수송북로 7,35.964879,126.717553
IBK기업은행,김천,경상북도 김천시 평화동   김천로 74,경상북도,김천시,평화동,김천로 74,36.125564,128.111623
IBK기업은행,김해,경상남도 김해시 부원동   김해대로 2367,경상남도,김해시,부원동,김해대로 2367,35.228715,128.886565
IBK기업은행,김해기업금융센터,경상남도 김해시 부원동   김해대로 2367,경상남도,김해시,부원동,김해대로 2367,35.228715,128.886565
IBK기업은행,김해산단,경상남도 김해시 풍유동   금관대로 1065,경상남도,김해시,풍유동,금관대로 1065,35.2143,128.8469
IBK기업은행,김해삼계,경상남도 김해시 삼계동   해반천로130번길 39,경상남도,김해시,삼계동,해반천로130번길 39,35.2732,128.865163
IBK기업은행,김해상동,경상남도 김해시 상동면   상동로 879,경상남도,김해시,상동면,상동로 879,35.3181547,128.9624302
IBK기업은행,김해장유,경상남도 김해시 대청동   삼문로 15,경상남도,김해시,대청동,삼문로 15,35.1863,128.7761
IBK기업은행,김해중앙,경상남도 김해시 내동   내외중앙로 55,경상남도,김해시,내동,내외중앙로 55,35.2424,128.8622
IBK기업은행,김해진영,경상남도 김해시 진영읍   김해대로361번길 16,경상남도,김해시,진영읍,김해대로361번길 16,35.3082271,128.7298955
IBK기업은행,나주혁신도시,전라남도 나주시 빛가람동   빛가람로 727,전라남도,나주시,빛가람동,빛가람로 727,35.02188,126.790193
IBK기업은행,남원,전라북도 남원시 쌍교동   남문로 462,전라북도,남원시,쌍교동,남문로 462,35.4045,127.3828
IBK기업은행,대불공단,전라남도 영암군 삼호읍   나불로 206,전라남도,영암군,삼호읍,나불로 206,34.7661358,126.4381182
IBK기업은행,동마산,경상남도 창원시 마산회원구   봉양로 133,경상남도,창원시,마산회원구,봉양로 133,35.2190235,128.6013699
IBK기업은행,마산,경상남도 창원시 마산합포구   해안대로 323,경상남도,창원시,마산합포구,해안대로 323,35.2011308,128.5758822
IBK기업은행,마산내서,경상남도 창원시 마산회원구   광려천동로 12-10,경상남도,창원시,마산회원구,광려천동로 12-10,35.2544216,128.5188906
IBK기업은행,목포,전라남도 목포시 상동   비파로 96,전라남도,목포시,상동,비파로 96,34.813824,126.414172
IBK기업은행,새만금,전라북도 군산시 오식도동   산단남북로 169,전라북도,군산시,오식도동,산단남북로 169,35.958517,126.548051
IBK기업은행,서전주,전라북도 전주시 완산구   홍산로 245,전라북도,전주시,완산구,홍산로 245,35.8155518,127.1054807
IBK기업은행,순천,전라남도 순천시 연향동   충효로 152,전라남도,순천시,연향동,충효로 152,34.9403,127.5221
IBK기업은행,안동,경상북도 안동시 서부동   중앙로 23,경상북도,안동시,서부동,중앙로 23,36.565913,128.728974
IBK기업은행,양산,경상남도 양산시 북부동   중앙로 216,경상남도,양산시,북부동,중앙로 216,35.3466,129.041
IBK기업은행,양산덕계,경상남도 양산시 덕계동   번영로 13,경상남도,양산시,덕계동,번영로 13,35.375129,129.149157
IBK기업은행,양산중부,경상남도 양산시 중부동   양산역1길 2,경상남도,양산시,중부동,양산역1길 2,35.339707,129.0306
IBK기업은행,여수,전라남도 여수시 중앙동   통제영5길 6,전라남도,여수시,중앙동,통제영5길 6,34.738899,127.738142
IBK기업은행,여천,전라남도 여수시 신기동   선소로 80,전라남도,여수시,신기동,선소로 80,34.760558,127.673613
IBK기업은행,영주,경상북도 영주시 영주동   구성로 417,경상북도,영주시,영주동,구성로 417,36.828253,128.623704
IBK기업은행,영천,경상북도 영천시 완산동   완산로 64,경상북도,영천시,완산동,완산로 64,35.964136,128.946883
IBK기업은행,완주산단,전라북도 완주군 삼례읍   삼봉7로 22,전라북도,완주군,삼례읍,삼봉7로 22,35.9212502,127.1246030
IBK기업은행,왜관,경상북도 칠곡군 왜관읍   중앙로 208,경상북도,칠곡군,왜관읍,중앙로 208,35.9934868,128.3993437
IBK기업은행,왜관공단,경상북도 칠곡군 왜관읍   공단로4길 18-12,경상북도,칠곡군,왜관읍,공단로4길 18-12,35.9670445,128.4184845
IBK기업은행,외동공단,경상북도 경주시 외동읍   내외로 10,경상북도,경주시,외동읍,내외로 10,35.7270475,129.3206707
IBK기업은행,웅상공단,경상남도 양산시 삼호동   삼호1길 59,경상남도,양산시,삼호동,삼호1길 59,35.407,129.1837
IBK기업은행,익산,전라북도 익산시 부송동   무왕로 1195,전라북도,익산시,부송동,무왕로 1195,35.9664,126.9967
IBK기업은행,전주,전라북도 전주시 완산구   팔달로 163,전라북도,전주시,완산구,팔달로 163,35.8173400,127.1471138
IBK기업은행,전주서신동,전라북도 전주시 완산구   온고을로 29,전라북도,전주시,완산구,온고을로 29,35.8333707,127.1202735
IBK기업은행,정읍,전라북도 정읍시 연지동   중앙로 72,전라북도,정읍시,연지동,중앙로 72,35.568395,126.845339
IBK기업은행,진주,경상남도 진주시 대안동   진주대로 1052,경상남도,진주시,대안동,진주대로 1052,35.1948,128.0839
IBK기업은행,진주상평,경상남도 진주시 상대동   대신로 310,경상남도,진주시,상대동,대신로 310,35.180097,128.111759
IBK기업은행,창원,경상남도 창원시 성산구   용지로 38,경상남도,창원시,성산구,용지로 38,35.2197708,128.6746000
IBK기업은행,창원WM센터,경상남도 창원시 성산구   용지로 38,경상남도,창원시,성산구,용지로 38,35.2197708,128.6746000
IBK기업은행,창원공단,경상남도 창원시 의창구   창원대로363번길 22-57,경상남도,창원시,의창구,창원대로363번길 22-57,35.2365389,128.6425135
IBK기업은행,창원대로,경상남도 창원시 의창구   차룡로 48번길 44,경상남도,창원시,의창구,차룡로 48번길 44,35.2410836,128.6313497
IBK기업은행,창원상남,경상남도 창원시 성산구   마디미서로 54,경상남도,창원시,성산구,마디미서로 54,35.2208386,128.6808909
IBK기업은행,창원중앙,경상남도 창원시 성산구   중앙대로 42,경상남도,창원시,성산구,중앙대로 42,35.2188940,128.6768019
IBK기업은행,통영,경상남도 통영시 정량동   정동2길 63,경상남도,통영시,정량동,정동2길 63,34.847979,128.437201
IBK기업은행,팔용동,경상남도 창원시 의창구   팔용로 420,경상남도,창원시,의창구,팔용로 420,35.2542048,128.6124423
IBK기업은행,포항,경상북도 포항시 북구   중앙로 265,경상북도,포항시,북구,중앙로 265,36.0367175,129.3648067
IBK기업은행,포항공단,경상북도 포항시 남구   철강로 362,경상북도,포항시,남구,철강로 362,35.9781626,129.3792032
IBK기업은행,포항남,경상북도 포항시 남구   포스코대로 369,경상북도,포항시,남구,포스코대로 369,36.0166104,129.3636322
KB국민은행,거제,경상남도 거제시 고현동,경상남도,거제시,고현동,,34.88219,128.618473
KB국민은행,거창,경상남도 거창군 거창읍,경상남도,거창군,거창읍,,35.687943,127.9039
KB국민은행,경남혁신도시,경상남도 진주시 충무공동,경상남도,진주시,충무공동,,35.1749,128.150337
KB국민은행,경산,경상북도 경산시 중방동,경상북도,경산시,중방동,,35.827058,128.733925
KB국민은행,경산공단,경상북도 경산시 진량읍,경상북도,경산시,진량읍,,35.87399,128.816213
KB국민은행,경주,경상북도 경주시 노동동,경상북도,경주시,노동동,,35.8422,129.2119
KB국민은행,공군교육사령부(점),경상남도 진주시 금산면,경상남도,진주시,금산면,,35.214016,128.147999
KB국민은행,광주전남혁신도시(점),전라남도 나주시 빛가람동,전라남도,나주시,빛가람동,,35.02188,126.790193
KB국민은행,구미,경상북도 구미시 형곡동,경상북도,구미시,형곡동,,36.114007,128.334438
KB국민은행,구미공단,경상북도 구미시 공단동,경상북도,구미시,공단동,,36.0993,128.3798
KB국민은행,군산,전북특별자치도 군산시 평화동,전라북도,군산시,평화동,,35.9839,126.7186
KB국민은행,김제,전북특별자치도 김제시 요촌동,전라북도,김제시,요촌동,,35.805192,126.891464
KB국민은행,김천,경상북도 김천시 평화동,경상북도,김천시,평화동,,36.125564,128.111623
KB국민은행,김해,경상남도 김해시 서상동,경상남도,김해시,서상동,,35.236674,128.880736
KB국민은행,김해삼계(점),경상남도 김해시 삼계동,경상남도,김해시,삼계동,,35.2732,128.865163
KB국민은행,나주,전라남도 나주시 중앙동,전라남도,나주시,중앙동,,35.032558,126.72045
KB국민은행,남악,전라남도 무안군 삼향면,전라남도,무안군,삼향면,,34.823075,126.441576
KB국민은행,남양산,경상남도 양산시 중부동,경상남도,양산시,중부동,,35.339707,129.0306
KB국민은행,남원,전북특별자치도 남원시 하정동,전라북도,남원시,하정동,,35.4078,127.3795
KB국민은행,내서,경상남도 창원시 마산회원구,경상남도,창원시,마산회원구,,35.220932,128.579706
KB국민은행,내외동,경상남도 김해시 내동,경상남도,김해시,내동,,35.2424,128.8622
KB국민은행,동광양,전라남도 광양시 중동,전라남도,광양시,중동,,34.9364,127.6938
KB국민은행,동마산,경상남도 창원시 마산회원구,경상남도,창원시,마산회원구,,35.220932,128.579706
KB국민은행,마산,경상남도 창원시 마산합포구,경상남도,창원시,마산합포구,,35.196874,128.567863
KB국민은행,목포,전라남도 목포시 상동,전라남도,목포시,상동,,34.813824,126.414172
KB국민은행,문경,경상북도 문경시 점촌동,경상북도,문경시,점촌동,,36.598631,128.197773
KB국민은행,밀양,경상남도 밀양시 내이동,경상남도,밀양시,내이동,,35.497101,128.746163
KB국민은행,부안(점),전북특별자치도 부안군 부안읍,전라북도,부안군,부안읍,,35.729625,126.736814
KB국민은행,삼천포,경상남도 사천시 선구동,경상남도,사천시,선구동,,34.929757,128.072114
KB국민은행,상무대(점),전라남도 장성군 삼서면,전라남도,장성군,삼서면,,35.232176,126.646388
KB국민은행,상주,경상북도 상주시 남성동,경상북도,상주시,남성동,,36.411399,128.159425
KB국민은행,서신동,전북특별자치도 전주시 완산구,전라북도,전주시,완산구,,35.8122,127.119813
KB국민은행,서전주,전북특별자치도 전주시 완산구,전라북도,전주시,완산구,,35.8122,127.119813
KB국민은행,서진주,경상남도 진주시 평거동,경상남도,진주시,평거동,,35.17381,128.065425
KB국민은행,송천동,전북특별자치도 전주시 덕진구,전라북도,전주시,덕진구,,35.8294,127.134362
KB국민은행,수송동,전북특별자치도 군산시 수송동,전라북도,군산시,수송동,,35.964879,126.717553
KB국민은행,순천,전라남도 순천시 연향동,전라남도,순천시,연향동,,34.9403,127.5221
KB국민은행,신대,전라남도 순천시 해룡면,전라남도,순천시,해룡면,,34.913758,127.537702
KB국민은행,안동,경상북도 안동시 남문동,경상북도,안동시,남문동,,36.5644,128.7286
KB국민은행,양산,경상남도 양산시 북부동,경상남도,양산시,북부동,,35.3466,129.041
KB국민은행,여서동,전라남도 여수시 문수동,전라남도,여수시,문수동,,34.75456,127.702729
KB국민은행,여수,전라남도 여수시 학동,전라남도,여수시,학동,,34.7623,127.6625
KB국민은행,영등동,전북특별자치도 익산시 영등동,전라북도,익산시,영등동,,35.952341,126.972578
KB국민은행,영주(점),경상북도 영주시 하망동,경상북도,영주시,하망동,,36.823899,128.630352
KB국민은행,영천,경상북도 영천시 완산동,경상북도,영천시,완산동,,35.964136,128.946883
KB국민은행,예천(점),경상북도 예천군 예천읍,경상북도,예천군,예천읍,,36.65686,128.452784
KB국민은행,오천,경상북도 포항시 남구,경상북도,포항시,남구,,36.008482,129.359398
KB국민은행,옥포,경상남도 거제시 옥포동,경상남도,거제시,옥포동,,34.890985,128.692684
KB국민은행,왜관,경상북도 칠곡군 왜관읍,경상북도,칠곡군,왜관읍,,35.988525,128.39795
KB국민은행,울진,경상북도 울진군 울진읍,경상북도,울진군,울진읍,,36.997204,129.402977
KB국민은행,웅상,경상남도 양산시 덕계동,경상남도,양산시,덕계동,,35.375129,129.149157
KB국민은행,의성(점),경상북도 의성군 의성읍,경상북도,의성군,의성읍,,36.355961,128.694843
KB국민은행,익산,전북특별자치도 익산시 중앙동3가,전라북도,익산시,중앙동3가,,35.9381,126.9502
KB국민은행,인후동,전북특별자치도 전주시 덕진구,전라북도,전주시,덕진구,,35.8294,127.134362
KB국민은행,장유,경상남도 김해시 부곡동,경상남도,김해시,부곡동,,35.2141,128.7956
KB국민은행,전북혁신도시(점),전북특별자치도 완주군 이서면,전라북도,완주군,이서면,,35.820702,127.022574
KB국민은행,전주,전북특별자치도 전주시 완산구,전라북도,전주시,완산구,,35.8122,127.119813
KB국민은행,정읍,전북특별자치도 정읍시 수성동,전라북도,정읍시,수성동,,35.569567,126.850382
KB국민은행,지곡(점),경상북도 포항시 남구,경상북도,포항시,남구,,36.008482,129.359398
KB국민은행,진주,경상남도 진주시 대안동,경상남도,진주시,대안동,,35.1948,128.0839
KB국민은행,진해,경상남도 창원시 진해구,경상남도,창원시,진해구,,35.13306,128.710081
KB국민은행,창원,경상남도 창원시 성산구,경상남도,창원시,성산구,,35.198384,128.70294
KB국민은행,창원유니시티,경상남도 창원시 의창구,경상남도,창원시,의창구,,35.255617,128.634909
KB국민은행,통영,경상남도 통영시 북신동,경상남도,통영시,북신동,,34.856984,128.425565
KB국민은행,포항,경상북도 포항시 북구,경상북도,포항시,북구,,36.043872,129.368534
KB국민은행,포항양덕,경상북도 포항시 북구,경상북도,포항시,북구,,36.043872,129.368534
KB국민은행,포항중앙,경상북도 포항시 북구,경상북도,포항시,북구,,36.043872,129.368534
KB국민은행,포항해병대(점),경상북도 포항시 남구,경상북도,포항시,남구,,36.008482,129.359398
KB국민은행,한화오션(점),경상남도 거제시 아주동,경상남도,거제시,아주동,,34.862204,128.690564
KB국민은행,해군교육사령부(점),경상남도 창원시 진해구,경상남도,창원시,진해구,,35.13306,128.710081
KB국민은행,해군진해기지사령부(점),경상남도 창원시 진해구,경상남도,창원시,진해구,,35.13306,128.710081
KB국민은행,화순(점),전라남도 화순군 화순읍,전라남도,화순군,화순읍,,35.05995,126.984588
NH농협은행,aT본사지점,전라남도 나주시 문화로 227 한국농수산식품유통공사1층,전라남도,나주시,문화로,227 한국농수산식품유통공사1층,35.0194275,126.7839635
NH농협은행,강진군지부,전라남도 강진군 강진읍 중앙로 112,전라남도,강진군,강진읍,중앙로 112,34.6394654,126.7690125
NH농협은행,강진군청<출>,전라남도 강진군 강진읍 탐진로 111,전라남도,강진군,강진읍,탐진로 111,34.6420900,126.7672000
NH농협은행,거제시지부,경상남도 거제시 거제중앙로 1864,경상남도,거제시,거제중앙로,1864,34.8847965,128.6251259
NH농협은행,거제시청<출>,경상남도 거제시 계룡로 125,경상남도,거제시,계룡로,125,34.8810987,128.6210375
NH농협은행,거창군지부,경상남도 거창군 거창읍 중앙로 133,경상남도,거창군,거창읍,중앙로 133,35.6873026,127.9128636
NH농협은행,거창군청<출>,경상남도 거창군 거창읍 중앙로 103,경상남도,거창군,거창읍,중앙로 103,35.6866980,127.9095380
NH농협은행,경남도교육청<출>,경상남도 창원시 성산구 중앙대로 241,경상남도,창원시,성산구,중앙대로 241,35.2335551,128.6873639
NH농협은행,경남도청<출>,경상남도 창원시 의창구 중앙대로 300 농협은행 경남도청지점,경상남도,창원시,의창구,중앙대로 300 농협은행 경남도청지점,35.2377974,128.6919403
NH농협은행,경남도청서부청사<출>,경상남도 진주시 월아산로 2026,경상남도,진주시,월아산로,2026,35.2137978,128.1219261
NH농협은행,경남영업부,경상남도 창원시 성산구 원이대로 627,경상남도,창원시,성산구,원이대로 627,35.2267535,128.6844842
NH농협은행,경남테크노파크<출>,경상남도 창원시 의창구 창원대로18번길 22 농협은행 1층,경상남도,창원시,의창구,창원대로18번길 22 농협은행 1층,35.2523477,128.6047700
NH농협은행,경북도교육청<출>,경상북도 안동시 풍천면 도청대로 511,경상북도,안동시,풍천면,도청대로 511,36.5793331,128.5131258
NH농협은행,경북도청<출>,경상북도 안동시 풍천면 도청대로 455,경상북도,안동시,풍천면,도청대로 455,36.5759477,128.5056462
NH농협은행,경북영업부,경상북도 안동시 풍천면 도청대로 333,경상북도,안동시,풍천면,도청대로 333,36.5707090,128.5016329
NH농협은행,경산공단지점,경상북도 경산시 진량읍 공단6로24길 23-9,경상북도,경산시,진량읍,공단6로24길 23-9,35.8706650,128.8271620
NH농협은행,경산백자로지점,경상북도 경산시 백자로 75,경상북도,경산시,백자로,75,35.8125755,128.7550650
NH농협은행,경산시지부,경상북도 경산시 원효로 15,경상북도,경산시,원효로,15,35.8240580,128.7394120
NH농협은행,경산시청<출>,경상북도 경산시 남매로 159,경상북도,경산시,남매로,159,35.8250900,128.7412010
NH농협은행,경상국립대학교지점,경상남도 진주시 진주대로 501,경상남도,진주시,진주대로,501,35.1538877,128.0985941
NH농협은행,경주시지부,경상북도 경주시 중앙로 46,경상북도,경주시,중앙로,46,35.8440592,129.2119072
NH농협은행,경주시청<출>,경상북도 경주시 양정로 260,경상북도,경주시,양정로,260,35.8562420,129.2247840
NH농협은행,고령군지부,경상북도 고령군 대가야읍 왕릉로 110,경상북도,고령군,대가야읍,왕릉로 110,35.7293422,128.2676713
NH농협은행,고령군청<출>,경상북도 고령군 대가야읍 왕릉로 55,경상북도,고령군,대가야읍,왕릉로 55,35.7261770,128.2630740
NH농협은행,고성군지부,경상남도 고성군 고성읍 성내로 125,경상남도,고성군,고성읍,성내로 125,34.9737042,128.3220358
NH농협은행,고성군청<출>,경상남도 고성군 고성읍 성내로 130,경상남도,고성군,고성읍,성내로 130,34.9730975,128.3222643
NH농협은행,고창군지부,전북특별자치도 고창군 고창읍 중앙로 232 3층,전라북도,고창군,고창읍,중앙로 232 3층,35.4347889,126.7008109
NH농협은행,고창군청<출>,전북특별자치도 고창군 고창읍 중앙로 245,전라북도,고창군,고창읍,중앙로 245,35.4358360,126.7019730
NH농협은행,고흥군지부,전라남도 고흥군 고흥읍 봉황길 2,전라남도,고흥군,고흥읍,봉황길 2,34.6107213,127.2843456
NH농협은행,고흥군청<출>,전라남도 고흥군 고흥읍 고흥군청로 1,전라남도,고흥군,고흥읍,고흥군청로 1,34.6047049,127.2755070
NH농협은행,곡성군지부,전라남도 곡성군 곡성읍 중앙로 112,전라남도,곡성군,곡성읍,중앙로 112,35.2809558,127.2952593
NH농협은행,곡성군청<출>,전라남도 곡성군 곡성읍 군청로 50,전라남도,곡성군,곡성읍,군청로 50,35.2820169,127.2919779
NH농협은행,광석동지점,경상북도 안동시 서동문로 112,경상북도,안동시,서동문로,112,36.5666366,128.7242543
NH농협은행,광양만권경제자유구역청<출>,전라남도 광양시 광양읍 인덕로 1100,전라남도,광양시,광양읍,인덕로 1100,34.9807918,127.5822458
NH농협은행,광양시지부,전라남도 광양시 광양읍 매천로 836,전라남도,광양시,광양읍,매천로 836,34.9753596,127.5868500
NH농협은행,광양시청<출>,전라남도 광양시 시청로 33 광양시청내 농협은행 광양시청출장소,전라남도,광양시,시청로,33 광양시청내 농협은행 광양시청출장소,34.9406575,127.6958987
NH농협은행,구례군지부,전라남도 구례군 구례읍 봉성로 65,전라남도,구례군,구례읍,봉성로 65,35.2081465,127.4642261
NH농협은행,구례군청<출>,전라남도 구례군 구례읍 봉성로 1 구례군청 신관지하1층,전라남도,구례군,구례읍,봉성로 1 구례군청 신관지하1층,35.2025096,127.4629375
NH농협은행,구미강동지점,경상북도 구미시 인동가산로 1,경상북도,구미시,인동가산로,1,36.1084242,128.4180594
NH농협은행,구미공단지점,경상북도 구미시 이계북로 7,경상북도,구미시,이계북로,7,36.1061455,128.4029238
NH농협은행,구미시지부,경상북도 구미시 선산읍 선산중앙로 91,경상북도,구미시,선산읍,선산중앙로 91,36.2430937,128.3012315
NH농협은행,구미시청<출>,경상북도 구미시 송정대로 55,경상북도,구미시,송정대로,55,36.1195987,128.3443000
NH농협은행,구미중앙금융센터,경상북도 구미시 문화로 7,경상북도,구미시,문화로,7,36.1297209,128.3324233
NH농협은행,구미중앙지점,경상북도 구미시 백산로 136,경상북도,구미시,백산로,136,36.1191573,128.3485480
NH농협은행,국립창원대학교지점,경상남도 창원시 의창구 창원대학로 20 창원대학교 두레관 2층,경상남도,창원시,의창구,창원대학로 20 창원대학교 두레관 2층,35.2457210,128.6929375
NH농협은행,군산시지부,전북특별자치도 군산시 조촌로 91 1층,전라북도,군산시,조촌로,91 1층,35.9722148,126.7374326
NH농협은행,군산시청<출>,전북특별자치도 군산시 시청로 17,전라북도,군산시,시청로,17,35.9676263,126.7368750
NH농협은행,군산중앙로지점,전북특별자치도 군산시 중앙로 169,전라북도,군산시,중앙로,169,35.9868270,126.7119391
NH농협은행,금암동지점,전라북도 전주시 덕진구 기린대로 418,전라북도,전주시,덕진구,기린대로 418,35.8390571,127.1306087
NH농협은행,금오공대<출>,경상북도 구미시 대학로 61,경상북도,구미시,대학로,61,36.1458744,128.3935029
NH농협은행,김제시지부,전라북도 김제시 중앙로 139,전라북도,김제시,중앙로,139,35.8030299,126.8909929
NH농협은행,김제시청<출>,전북특별자치도 김제시 중앙로 40,전라북도,김제시,중앙로,40,35.8035917,126.8808375
NH농협은행,김천드림밸리지점,경상북도 김천시 혁신2로 40,경상북도,김천시,혁신2로,40,36.1168306,128.1811959
NH농협은행,김천시지부,경상북도 김천시 김천로 154,경상북도,김천시,김천로,154,36.1210324,128.1177966
NH농협은행,김천시청<출>,경상북도 김천시 시청1길 1,경상북도,김천시,시청1길,1,36.1397714,128.1136148
NH농협은행,김해동지점,경상남도 김해시 분성로 629 NH농협은행 김해동지점,경상남도,김해시,분성로,629 NH농협은행 김해동지점,35.2362652,128.9148178
NH농협은행,김해산단지점,경상남도 김해시 주촌면 골든루트로 80-16,경상남도,김해시,주촌면,골든루트로 80-16,35.2131586,128.8316655
NH농협은행,김해센텀지점,경상남도 김해시 김해대로 2466 경원빌딩 1층,경상남도,김해시,김해대로,2466 경원빌딩 1층,35.2272562,128.8966774
NH농협은행,김해시지부,경상남도 김해시 가락로 105,경상남도,김해시,가락로,105,35.2359760,128.8809250
NH농협은행,김해시청<출>,경상남도 김해시 김해대로 2401,경상남도,김해시,김해대로,2401,35.2285740,128.8893220
NH농협은행,나운센터지점,전북특별자치도 군산시 대학로 342,전라북도,군산시,대학로,342,35.9635217,126.6930559
NH농협은행,나주시지부,전라남도 나주시 금성길 32,전라남도,나주시,금성길,32,35.0319070,126.7184721
NH농협은행,나주시청<출>,전라남도 나주시 시청길 22,전라남도,나주시,시청길,22,35.0158140,126.7108140
NH농협은행,나주혁신도시금융센터,전라남도 나주시 빛가람로 733,전라남도,나주시,빛가람로,733,35.0215226,126.7920694
NH농협은행,남양동지점,경상남도 창원시 성산구 대암로 40-18,경상남도,창원시,성산구,대암로 40-18,35.2134307,128.7010054
NH농협은행,남양산지점,경상남도 양산시 물금읍 청운로 343,경상남도,양산시,물금읍,청운로 343,35.3269943,129.0152647
NH농협은행,남원시지부,전북특별자치도 남원시 광한북로 63,전라북도,남원시,광한북로,63,35.4086964,127.3797289
NH농협은행,남원시청<출>,전북특별자치도 남원시 시청로 60,전라북도,남원시,시청로,60,35.4164320,127.3904380
NH농협은행,남원지원<출>,전북특별자치도 남원시 용성로 59,전라북도,남원시,용성로,59,35.4097213,127.3834967
NH농협은행,남해군지부,경상남도 남해군 남해읍 화전로 105,경상남도,남해군,남해읍,화전로 105,34.8407348,127.8937173
NH농협은행,남해군청<출>,경상남도 남해군 남해읍 망운로9번길 12,경상남도,남해군,남해읍,망운로9번길 12,34.8377070,127.8924750
NH농협은행,내외동지점,경상남도 김해시 내외중앙로 100 송암빌딩 1층,경상남도,김해시,내외중앙로,100 송암빌딩 1층,35.2387279,128.8678095
NH농협은행,농촌진흥청<출>,전북특별자치도 전주시 덕진구 농생명로 300,전라북도,전주시,덕진구,농생명로 300,35.8314139,127.0568200
NH농협은행,담양군지부,전라남도 담양군 담양읍 중앙로 82,전라남도,담양군,담양읍,중앙로 82,35.3203946,126.9826241
NH농협은행,담양군청<출>,전라남도 담양군 담양읍 추성로 1371,전라남도,담양군,담양읍,추성로 1371,35.3211750,126.9881750
NH농협은행,도동지점,경상남도 진주시 동진로 255 진주상공회의소 1층,경상남도,진주시,동진로,255 진주상공회의소 1층,35.1805033,128.1190528
NH농협은행,동광양지점,전라남도 광양시 중마중앙로 125,전라남도,광양시,중마중앙로,125,34.9415833,127.6975895
NH농협은행,동구미지점,경상북도 구미시 구미대로 383,경상북도,구미시,구미대로,383,36.1210188,128.3624976
NH농협은행,동김천지점,경상북도 김천시 자산로 43 (모암동),경상북도,김천시,자산로,43 (모암동),36.1194753,128.1269065
NH농협은행,동명동지점,전라남도 목포시 산정로 18-1,전라남도,목포시,산정로,18-1,34.7901407,126.3932684
NH농협은행,동순천지점,전라남도 순천시 대석길 29,전라남도,순천시,대석길,29,34.9459701,127.5253244
NH농협은행,동천지점,"경상북도 경주시 소금강로 39 (용강동, 동원빌딩)",경상북도,경주시,소금강로,"39 (용강동, 동원빌딩)",35.8599905,129.2245393
NH농협은행,마산지점,경상남도 창원시 마산합포구 북성로 5,경상남도,창원시,마산합포구,북성로 5,35.2077244,128.5733753
NH농협은행,마산합포구청<출>,경상남도 창원시 마산합포구 3·15대로 210,경상남도,창원시,마산합포구,3·15대로 210,35.1968740,128.5678630
NH농협은행,마산해안로지점,경상남도 창원시 마산합포구 오동동14길 67,경상남도,창원시,마산합포구,오동동14길 67,35.2067208,128.5830695
NH농협은행,마산회원구청<출>,경상남도 창원시 마산회원구 삼호로 63,경상남도,창원시,마산회원구,삼호로 63,35.2209320,128.5797060
NH농협은행,목포금융센터,"전라남도 목포시 영산로 101 1층, 2층 농협은행 목포금융센터",전라남도,목포시,영산로,"101 1층, 2층 농협은행 목포금융센터",34.7916447,126.3857038
NH농협은행,목포시청<출>,전라남도 목포시 양을로 203,전라남도,목포시,양을로,203,34.8118750,126.3923375
NH농협은행,목포신안시군지부,전라남도 목포시 후광대로 114,전라남도,목포시,후광대로,114,34.8110548,126.4453685
NH농협은행,무안군지부,전라남도 무안군 무안읍 무안중앙로 6,전라남도,무안군,무안읍,무안중앙로 6,34.9886658,126.4783470
NH농협은행,무안군청<출>,전라남도 무안군 무안읍 무안로 530,전라남도,무안군,무안읍,무안로 530,34.9904886,126.4817117
NH농협은행,무주군지부,전라북도 무주군 무주읍 주계로 106,전라북도,무주군,무주읍,주계로 106,36.0063828,127.6617859
NH농협은행,무주군청<출>,전북특별자치도 무주군 무주읍 주계로 97,전라북도,무주군,무주읍,주계로 97,36.0068100,127.6608180
NH농협은행,문경시지부,경상북도 문경시 중앙로 141,경상북도,문경시,중앙로,141,36.5978274,128.2005777
NH농협은행,문경시청<출>,경상북도 문경시 당교로 225,경상북도,문경시,당교로,225,36.5865220,128.1867870
NH농협은행,밀양시지부,경상남도 밀양시 석정로 20,경상남도,밀양시,석정로,20,35.4919564,128.7519005
NH농협은행,밀양시청<출>,경상남도 밀양시 밀양대로 2047,경상남도,밀양시,밀양대로,2047,35.5038560,128.7467120
NH농협은행,반림지점,경상남도 창원시 성산구 반송로 181 현대상가 지하,경상남도,창원시,성산구,반송로 181 현대상가 지하,35.2361578,128.6754043
NH농협은행,벌교<출>,전라남도 보성군 벌교읍 채동선로 248,전라남도,보성군,벌교읍,채동선로 248,34.8441733,127.3444792
NH농협은행,보성군지부,전라남도 보성군 보성읍 현충로 91,전라남도,보성군,보성읍,현충로 91,34.7677000,127.0817000
NH농협은행,보성군청<출>,전라남도 보성군 보성읍 송재로 165,전라남도,보성군,보성읍,송재로 165,34.7714580,127.0800880
NH농협은행,봉곡지점,경상남도 창원시 의창구 원이대로285번길 5 오케이메디컬빌딩 202호,경상남도,창원시,의창구,원이대로285번길 5 오케이메디컬빌딩 202호,35.2428971,128.6512082
NH농협은행,봉화군지부,경상북도 봉화군 봉화읍 내성로 95,경상북도,봉화군,봉화읍,내성로 95,36.8909678,128.7402838
NH농협은행,봉화군청<출>,경상북도 봉화군 봉화읍 봉화로 1111,경상북도,봉화군,봉화읍,봉화로 1111,36.8931140,128.7325030
NH농협은행,부안군지부,전북특별자치도 부안군 부안읍 석정로 255,전라북도,부안군,부안읍,석정로 255,35.7228368,126.7376282
NH농협은행,부안군청<출>,전북특별자치도 부안군 부안읍 당산로 91,전라북도,부안군,부안읍,당산로 91,35.7317550,126.7331990
NH농협은행,북부동지점,경상남도 김해시 가야로38번길 2 1층 NH농협은행 북부동지점,경상남도,김해시,가야로38번길,2 1층 NH농협은행 북부동지점,35.2696883,128.8644148
NH농협은행,사천시지부,경상남도 사천시 사천읍 읍내1길 65,경상남도,사천시,사천읍,읍내1길 65,35.0828750,128.0865875
NH농협은행,사천시청<출>,경상남도 사천시 용현면 시청로 77,경상남도,사천시,용현면,시청로 77,35.0034774,128.0638649
NH농협은행,사파동지점,경상남도 창원시 성산구 동산로 156,경상남도,창원시,성산구,동산로 156,35.2216583,128.6934151
NH농협은행,산청군지부,경상남도 산청군 산청읍 중앙로 15,경상남도,산청군,산청읍,중앙로 15,35.4157310,127.8764799
NH농협은행,산청군청<출>,경상남도 산청군 산청읍 산엔청로 1,경상남도,산청군,산청읍,산엔청로 1,35.4155570,127.8734580
NH농협은행,삼문동지점,경상남도 밀양시 삼문중앙로 38,경상남도,밀양시,삼문중앙로,38,35.4849582,128.7560078
NH농협은행,삼천동지점,전북특별자치도 전주시 완산구 용리로 56 누가빌딩 102호,전라북도,전주시,완산구,용리로 56 누가빌딩 102호,35.7984172,127.1159637
NH농협은행,삼천포지점,경상남도 사천시 수남길 8,경상남도,사천시,수남길,8,34.9290859,128.0738258
NH농협은행,삼천포청사<출>,경상남도 사천시 문선4길 21,경상남도,사천시,문선4길,21,34.9354913,128.0819411
NH농협은행,상주북지점,경상북도 상주시 상산로 329 (무양동),경상북도,상주시,상산로,329 (무양동),36.4201783,128.1588052
NH농협은행,상주시지부,경상북도 상주시 상산로 260,경상북도,상주시,상산로,260,36.4140858,128.1596639
NH농협은행,상주시청<출>,경상북도 상주시 상산로 223,경상북도,상주시,상산로,223,36.4110020,128.1592290
NH농협은행,상주지원<출>,경상북도 상주시 북천로 17-9 상주지원내 1층 농협은행 상주지원출장소,경상북도,상주시,북천로,17-9 상주지원내 1층 농협은행 상주지원출장소,36.4277689,128.1536583
NH농협은행,서상동지점,경상남도 창원시 의창구 서상로12번길 39,경상남도,창원시,의창구,서상로12번길 39,35.2620987,128.6186266
NH농협은행,서신동지점,전북특별자치도 전주시 완산구 온고을로 1 한국교직원공제회관 1층,전라북도,전주시,완산구,온고을로 1 한국교직원공제회관 1층,35.8333104,127.1221117
NH농협은행,서진주지점,경상남도 진주시 진주성로 65,경상남도,진주시,진주성로,65,35.1952348,128.0765385
NH농협은행,성산구청<출>,경상남도 창원시 성산구 창원대로 1086 성산구청 1층,경상남도,창원시,성산구,창원대로 1086 성산구청 1층,35.1983844,128.7029401
NH농협은행,성주군지부,경상북도 성주군 성주읍 성주로 3221,경상북도,성주군,성주읍,성주로 3221,35.9185236,128.2863854
NH농협은행,성주군청<출>,경상북도 성주군 성주읍 성주로 3200,경상북도,성주군,성주읍,성주로 3200,35.9191750,128.2829590
NH농협은행,수송동지점,전북특별자치도 군산시 문화로 86,전라북도,군산시,문화로,86,35.9694701,126.7149815
NH농협은행,순창군지부,전북특별자치도 순창군 순창읍 순창로 214,전라북도,순창군,순창읍,순창로 214,35.3741720,127.1431994
NH농협은행,순창군청<출>,전북특별자치도 순창군 순창읍 경천로 33 순창군청 1층,전라북도,순창군,순창읍,경천로 33 순창군청 1층,35.3744760,127.1374890
NH농협은행,순천금융센터,전라남도 순천시 중앙로 98,전라남도,순천시,중앙로,98,34.9544572,127.4842288
NH농협은행,순천대학교지점,전라남도 순천시 중앙로 255,전라남도,순천시,중앙로,255,34.9689184,127.4809015
NH농협은행,순천시지부,전라남도 순천시 이수로 310,전라남도,순천시,이수로,310,34.9530481,127.5179484
NH농협은행,순천시청<출>,전라남도 순천시 장명로 30 장천동,전라남도,순천시,장명로,30 장천동,34.9506984,127.4872430
NH농협은행,신마산지점,경상남도 창원시 마산합포구 3·15대로 130 농협은행신마산지점,경상남도,창원시,마산합포구,3·15대로 130 농협은행신마산지점,35.1904948,128.5633700
NH농협은행,신목포지점,전라남도 목포시 비파로 34,전라남도,목포시,비파로,34,34.8018425,126.4279088
NH농협은행,신안군청<출>,전라남도 신안군 압해읍 천사로 1004,전라남도,신안군,압해읍,천사로 1004,34.8336260,126.3511240
NH농협은행,아중지점,전라북도 전주시 덕진구 건산로 240,전라북도,전주시,덕진구,건산로 240,35.8343372,127.1635673
NH농협은행,안강지점,경상북도 경주시 안강읍 안강중앙로 220,경상북도,경주시,안강읍,안강중앙로 220,35.9920491,129.2239970
NH농협은행,안동시지부,경상북도 안동시 문화광장길 66,경상북도,안동시,문화광장길,66,36.5659447,128.7318519
NH농협은행,안동시청<출>,경상북도 안동시 퇴계로 115,경상북도,안동시,퇴계로,115,36.5684250,128.7295375
NH농협은행,양산금융센터,경상남도 양산시 물금읍 증산역로 135 퍼스트조양 2층,경상남도,양산시,물금읍,증산역로 135 퍼스트조양 2층,35.3106227,129.0053024
NH농협은행,양산부산대병원<출>,경상남도 양산시 물금읍 금오로 20,경상남도,양산시,물금읍,금오로 20,35.3281501,129.0057274
NH농협은행,양산시지부,경상남도 양산시 중앙로 138,경상남도,양산시,중앙로,138,35.3430226,129.0379881
NH농협은행,양산시청<출>,경상남도 양산시 중앙로 33-2,경상남도,양산시,중앙로,33-2,35.3340146,129.0378392
NH농협은행,어양센트럴지점,전북특별자치도 익산시 하나로 337 1층,전라북도,익산시,하나로,337 1층,35.9511004,126.9836159
NH농협은행,여수2청사<출>,전라남도 여수시 여서1로 107,전라남도,여수시,여서1로,107,34.7547395,127.7094286
NH농협은행,여수금융센터,전라남도 여수시 시청로 49,전라남도,여수시,시청로,49,34.7660931,127.6624188
NH농협은행,여수센트럴지점,전라남도 여수시 여서1로 53 1층,전라남도,여수시,여서1로,53 1층,34.7525424,127.7035124
NH농협은행,여수시지부,전라남도 여수시 중앙로 49 교동,전라남도,여수시,중앙로,49 교동,34.7404082,127.7330600
NH농협은행,여수시청<출>,전라남도 여수시 시청로 1,전라남도,여수시,시청로,1,34.7604250,127.6623130
NH농협은행,영광군지부,전라남도 영광군 영광읍 중앙로 194,전라남도,영광군,영광읍,중앙로 194,35.2761536,126.5123825
NH농협은행,영광군청<출>,전라남도 영광군 영광읍 중앙로 203,전라남도,영광군,영광읍,중앙로 203,35.2772127,126.5120143
NH농협은행,영덕군지부,경상북도 영덕군 영덕읍 중앙길 97,경상북도,영덕군,영덕읍,중앙길 97,36.4106753,129.3695142
NH농협은행,영덕군청<출>,경상북도 영덕군 영덕읍 화개길 9-3,경상북도,영덕군,영덕읍,화개길 9-3,36.4152967,129.3663733
NH농협은행,영암군지부,전라남도 영암군 영암읍 중앙로 43,전라남도,영암군,영암읍,중앙로 43,34.8002139,126.6979334
NH농협은행,영암군청<출>,전라남도 영암군 영암읍 군청로 1,전라남도,영암군,영암읍,군청로 1,34.8001638,126.6967961
NH농협은행,영양군지부,경상북도 영양군 영양읍 군청길 43,경상북도,영양군,영양읍,군청길 43,36.6663974,129.1134966
NH농협은행,영양군청<출>,경상북도 영양군 영양읍 군청길 37,경상북도,영양군,영양읍,군청길 37,36.6667174,129.1123839
NH농협은행,영주시지부,경상북도 영주시 중앙로 100,경상북도,영주시,중앙로,100,36.8239562,128.6256415
NH농협은행,영주시청<출>,경상북도 영주시 시청로 1,경상북도,영주시,시청로,1,36.8056670,128.6240630
NH농협은행,영천시지부,경상북도 영천시 완산로 48,경상북도,영천시,완산로,48,35.9643377,128.9392597
NH농협은행,영천시청<출>,경상북도 영천시 시청로 16,경상북도,영천시,시청로,16,35.9732600,128.9386130
NH농협은행,영천중앙지점,경상북도 영천시 백신애길 37,경상북도,영천시,백신애길,37,35.9673491,128.9306050
NH농협은행,예천군지부,경상북도 예천군 예천읍 효자로 75,경상북도,예천군,예천읍,효자로 75,36.6564510,128.4521666
NH농협은행,예천군청<출>,경상북도 예천군 예천읍 충효로 111,경상북도,예천군,예천읍,충효로 111,36.6468844,128.4373552
NH농협은행,옥포지점,경상남도 거제시 옥포로20길 1,경상남도,거제시,옥포로20길,1,34.8944340,128.6910254
NH농협은행,완도군지부,전라남도 완도군 완도읍 장보고대로248번길 34-12,전라남도,완도군,완도읍,장보고대로248번길 34-12,34.3138554,126.7545523
NH농협은행,완도군청<출>,전라남도 완도군 완도읍 청해진남로 51,전라남도,완도군,완도읍,청해진남로 51,34.3110391,126.7548524
NH농협은행,완주군지부,전북특별자치도 완주군 용진읍 운곡2로 3,전라북도,완주군,용진읍,운곡2로 3,35.9041595,127.1598750
NH농협은행,완주군청<출>,전북특별자치도 완주군 용진읍 지암로 61,전라북도,완주군,용진읍,지암로 61,35.9047080,127.1620190
NH농협은행,울릉군지부,경상북도 울릉군 울릉읍 도동1길 9,경상북도,울릉군,울릉읍,도동1길 9,37.4823946,130.9078627
NH농협은행,울릉군청<출>,경상북도 울릉군 울릉읍 도동2길 66,경상북도,울릉군,울릉읍,도동2길 66,37.4844550,130.9056970
NH농협은행,울진군지부,경상북도 울진군 울진읍 울진중앙로 130,경상북도,울진군,울진읍,울진중앙로 130,36.9931213,129.4014448
NH농협은행,울진군청<출>,경상북도 울진군 울진읍 울진중앙로 121,경상북도,울진군,울진읍,울진중앙로 121,36.9930870,129.4003940
NH농협은행,웅상지점,경상남도 양산시 서창로 168,경상남도,양산시,서창로,168,35.4144548,129.1710235
NH농협은행,율촌산단지점,전라남도 순천시 해룡면 율촌산단1로 50 전남테크노파크 신금속산업센터 1층,전라남도,순천시,해룡면,율촌산단1로 50 전남테크노파크 신금속산업센터 1층,34.8978102,127.5771109
NH농협은행,의령군지부,경상남도 의령군 의령읍 충익로 58,경상남도,의령군,의령읍,충익로 58,35.3211496,128.2622247
NH농협은행,의령군청<출>,경상남도 의령군 의령읍 충익로 63 의령군의회 1층,경상남도,의령군,의령읍,충익로 63 의령군의회 1층,35.3222239,128.2616760
NH농협은행,의성군지부,경상북도 의성군 의성읍 동서1길 35,경상북도,의성군,의성읍,동서1길 35,36.3498446,128.6980105
NH농협은행,의성군청<출>,경상북도 의성군 의성읍 군청길 31,경상북도,의성군,의성읍,군청길 31,36.3527158,128.6971711
NH농협은행,의창구청<출>,경상남도 창원시 의창구 원이대로 80 의창구청 1층,경상남도,창원시,의창구,원이대로 80 의창구청 1층,35.2556835,128.6349089
NH농협은행,익산시지부,전북특별자치도 익산시 무왕로 1063,전라북도,익산시,무왕로,1063,35.9587528,126.9748777
NH농협은행,익산시청<출>,전라북도 익산시 인북로32길 1,전라북도,익산시,인북로32길,1,35.9488538,126.9579288
NH농협은행,익산중앙지점,전라북도 익산시 인북로3길 24,전라북도,익산시,인북로3길,24,35.9386252,126.9505712
NH농협은행,인후동지점,전북특별자치도 전주시 덕진구 백제대로 751,전라북도,전주시,덕진구,백제대로 751,35.8466791,127.1507491
NH농협은행,임실군지부,전북특별자치도 임실군 임실읍 봉황로 135,전라북도,임실군,임실읍,봉황로 135,35.6131634,127.2782512
NH농협은행,임실군청<출>,전북특별자치도 임실군 임실읍 수정로 30,전라북도,임실군,임실읍,수정로 30,35.6178286,127.2890774
NH농협은행,자유시장지점,전라남도 목포시 자유로 121,전라남도,목포시,자유로,121,34.7936849,126.4030239
NH농협은행,장성군지부,전라남도 장성군 장성읍 영천로 144,전라남도,장성군,장성읍,영천로 144,35.2985458,126.7815767
NH농협은행,장성군청<출>,전라남도 장성군 장성읍 영천로 200,전라남도,장성군,장성읍,영천로 200,35.3019430,126.7848140
NH농협은행,장수군지부,전북특별자치도 장수군 장수읍 호비로 9,전라북도,장수군,장수읍,호비로 9,35.6469234,127.5206404
NH농협은행,장수군청<출>,전북특별자치도 장수군 장수읍 호비로 10,전라북도,장수군,장수읍,호비로 10,35.6473311,127.5215691
NH농협은행,장유서지점,경상남도 김해시 번화1로79번길 2,경상남도,김해시,번화1로79번길,2,35.1944371,128.7992039
NH농협은행,장유지점,경상남도 김해시 월산로 1,경상남도,김해시,월산로,1,35.2016608,128.8114070
NH농협은행,장천동지점,경상남도 창원시 진해구 행암로 25,경상남도,창원시,진해구,행암로 25,35.1285325,128.7066865
NH농협은행,장평지점,경상남도 거제시 장평1로 7,경상남도,거제시,장평1로,7,34.8912164,128.6174576
NH농협은행,장흥군지부,전라남도 장흥군 장흥읍 장흥로 17,전라남도,장흥군,장흥읍,장흥로 17,34.6809948,126.9067258
NH농협은행,장흥군청<출>,전라남도 장흥군 장흥읍 장흥로 21,전라남도,장흥군,장흥읍,장흥로 21,34.6816220,126.9070507
NH농협은행,전남도교육청<출>,전라남도 무안군 삼향읍 어진누리길 10,전라남도,무안군,삼향읍,어진누리길 10,34.8157083,126.4693232
NH농협은행,전남도청<출>,전라남도 무안군 삼향읍 오룡길 1,전라남도,무안군,삼향읍,오룡길 1,34.8161102,126.4631714
NH농협은행,전남도청동부청사<출>,전라남도 순천시 해룡면 매안로 16 전남도청동부청사 내 1층,전라남도,순천시,해룡면,매안로 16 전남도청동부청사 내 1층,34.9274004,127.5544275
NH농협은행,전남영업부,전라남도 무안군 삼향읍 후광대로 264 1층,전라남도,무안군,삼향읍,후광대로 264 1층,34.8138907,126.4607690
NH농협은행,전북영업부,전라북도 전주시 완산구 우전로 290,전라북도,전주시,완산구,우전로 290,35.8203391,127.1025173
NH농협은행,전북특별자치도교육청<출>,전라북도 전주시 완산구 홍산로 111 창조나래(별관) 1층,전라북도,전주시,완산구,홍산로 111 창조나래(별관) 1층,35.8043645,127.1027805
NH농협은행,전북특별자치도청<출>,전북특별자치도 전주시 완산구 효자로 225,전라북도,전주시,완산구,효자로 225,35.8203294,127.1087840
NH농협은행,전북혁신도시지점,전북특별자치도 완주군 이서면 안전로 163,전라북도,완주군,이서면,안전로 163,35.8387621,127.0581486
NH농협은행,전주법원<출>,전북특별자치도 전주시 덕진구 가인로 33,전라북도,전주시,덕진구,가인로 33,35.8425711,127.0747456
NH농협은행,전주송천센트럴지점,전북특별자치도 전주시 덕진구 송천로 1,전라북도,전주시,덕진구,송천로 1,35.8543951,127.1185926
NH농협은행,전주시지부,전북특별자치도 전주시 완산구 팔달로 277,전라북도,전주시,완산구,팔달로 277,35.8268311,127.1432516
NH농협은행,전주시청<출>,전북특별자치도 전주시 완산구 노송광장로 지하 10,전라북도,전주시,완산구,노송광장로 지하 10,35.8122,127.119813
NH농협은행,전주에코시티지점,전북특별자치도 전주시 덕진구 세병로 30 1층,전라북도,전주시,덕진구,세병로 30 1층,35.8735886,127.1280044
NH농협은행,전주한옥마을지점,전북특별자치도 전주시 완산구 충경로 102,전라북도,전주시,완산구,충경로 102,35.8192580,127.1503149
NH농협은행,정읍시지부,전북특별자치도 정읍시 중앙로 62,전라북도,정읍시,중앙로,62,35.5708024,126.8476839
NH농협은행,정읍시청<출>,전북특별자치도 정읍시 충정로 234,전라북도,정읍시,충정로,234,35.5698670,126.8560380
NH농협은행,정읍지원<출>,전라북도 정읍시 수성6로 29,전라북도,정읍시,수성6로,29,35.5857700,126.8612323
NH농협은행,중방동지점,경상북도 경산시 중앙로 38,경상북도,경산시,중앙로,38,35.8211890,128.7318138
NH농협은행,중화산동지점,전북특별자치도 전주시 완산구 효자로 280,전라북도,전주시,완산구,효자로 280,35.8188532,127.1159557
NH농협은행,진도군지부,전라남도 진도군 진도읍 철마길 16,전라남도,진도군,진도읍,철마길 16,34.4852201,126.2645318
NH농협은행,진도군청<출>,전라남도 진도군 진도읍 철마길 25,전라남도,진도군,진도읍,철마길 25,34.4868180,126.2634750
NH농협은행,진안군지부,전북특별자치도 진안군 진안읍 중앙로 70,전라북도,진안군,진안읍,중앙로 70,35.7913011,127.4255102
NH농협은행,진안군청<출>,전북특별자치도 진안군 진안읍 중앙로 67,전라북도,진안군,진안읍,중앙로 67,35.7917621,127.4248750
NH농협은행,진영지점,경상남도 김해시 진영읍 진영로 182,경상남도,김해시,진영읍,진영로 182,35.3028205,128.7328633
NH농협은행,진주시지부,경상남도 진주시 동진로 181,경상남도,진주시,동진로,181,35.1799467,128.1109526
NH농협은행,진주시청<출>,경상남도 진주시 동진로 155,경상남도,진주시,동진로,155,35.1803250,128.1076460
NH농협은행,진주신평지점,경상남도 진주시 진양호로 340,경상남도,진주시,진양호로,340,35.1829628,128.0678200
NH농협은행,진주중앙지점,경상남도 진주시 진주대로 1033,경상남도,진주시,진주대로,1033,35.1918322,128.0844957
NH농협은행,진주지원<출>,경상남도 진주시 진양호로 303,경상남도,진주시,진양호로,303,35.1812864,128.0647337
NH농협은행,진주혁신도시지점,경상남도 진주시 충의로 22 (충무공동),경상남도,진주시,충의로,22 (충무공동),35.1764399,128.1475081
NH농협은행,진해구청<출>,경상남도 창원시 진해구 진해대로 1101,경상남도,창원시,진해구,진해대로 1101,35.1326609,128.7106409
NH농협은행,진해금융센터,경상남도 창원시 진해구 충장로 347,경상남도,창원시,진해구,충장로 347,35.1539085,128.6900709
NH농협은행,창녕군지부,경상남도 창녕군 창녕읍 종로 18,경상남도,창녕군,창녕읍,종로 18,35.5390743,128.5003199
NH농협은행,창녕군청<출>,경상남도 창녕군 창녕읍 군청길 1,경상남도,창녕군,창녕읍,군청길 1,35.5446110,128.4923460
NH농협은행,창원금융센터,경상남도 창원시 성산구 창원대로 726 내동상가 15호,경상남도,창원시,성산구,창원대로 726 내동상가 15호,35.2171003,128.6704177
NH농협은행,창원남지점,경상남도 창원시 성산구 원이대로 578,경상남도,창원시,성산구,원이대로 578,35.2283755,128.6779428
NH농협은행,창원문성대학교<출>,경상남도 창원시 성산구 충혼로 91,경상남도,창원시,성산구,충혼로 91,35.2340596,128.6601750
NH농협은행,창원법원<출>,경상남도 창원시 성산구 창이대로 681 창원지방법원 별관1층,경상남도,창원시,성산구,창이대로 681 창원지방법원 별관1층,35.2241930,128.7008766
NH농협은행,창원상남지점,경상남도 창원시 성산구 마디미로21번길 17 피아노빌딩(상남동),경상남도,창원시,성산구,마디미로21번길 17 피아노빌딩(상남동),35.2216856,128.6862279
NH농협은행,창원시지부,경상남도 창원시 성산구 상남로 63,경상남도,창원시,성산구,상남로 63,35.2197907,128.6792985
NH농협은행,창원시청<출>,경상남도 창원시 성산구 중앙대로 151,경상남도,창원시,성산구,중앙대로 151,35.2278771,128.6818746
NH농협은행,창원용지지점,경상남도 창원시 성산구 용지로 244,경상남도,창원시,성산구,용지로 244,35.2352051,128.6871732
NH농협은행,창원중앙금융센터,경상남도 창원시 의창구 창원대로397번길 14,경상남도,창원시,의창구,창원대로397번길 14,35.2353759,128.6423836
NH농협은행,청도군지부,경상북도 청도군 청도읍 고수구길 57,경상북도,청도군,청도읍,고수구길 57,35.6446590,128.7402838
NH농협은행,청도군청<출>,경상북도 청도군 화양읍 청화로 70,경상북도,청도군,화양읍,청화로 70,35.6473990,128.7339880
NH농협은행,청송군지부,경상북도 청송군 청송읍 중앙로 235,경상북도,청송군,청송읍,중앙로 235,36.4345426,129.0550621
NH농협은행,청송군청<출>,경상북도 청송군 청송읍 군청로 51,경상북도,청송군,청송읍,군청로 51,36.4362793,129.0571263
NH농협은행,충무대<출>,경상북도 포항시 남구 동해안로 6001 청림대1층,경상북도,포항시,남구,동해안로 6001 청림대1층,35.9946649,129.4084217
NH농협은행,칠곡군지부,경상북도 칠곡군 왜관읍 중앙로 206,경상북도,칠곡군,왜관읍,중앙로 206,35.9932912,128.3993009
NH농협은행,칠곡군청<출>,경상북도 칠곡군 왜관읍 군청1길 80,경상북도,칠곡군,왜관읍,군청1길 80,35.9955753,128.4016790
NH농협은행,칠서공단지점,경상남도 함안군 칠서면 공단안길 12,경상남도,함안군,칠서면,공단안길 12,35.3617812,128.4858647
NH농협은행,통영금융센터,경상남도 통영시 광도면 죽림1로 73,경상남도,통영시,광도면,죽림1로 73,34.8769187,128.4209747
NH농협은행,통영시지부,경상남도 통영시 항남3길 11,경상남도,통영시,항남3길,11,34.8420350,128.4219573
NH농협은행,통영시청<출>,경상남도 통영시 통영해안로 515 NH농협은행 통영시청(출) (통영시청 민원실 내),경상남도,통영시,통영해안로,515 NH농협은행 통영시청(출) (통영시청 민원실 내),34.8543900,128.4331120
NH농협은행,팔용동지점,경상남도 창원시 의창구 팔용로 448 극동상가 101호,경상남도,창원시,의창구,팔용로 448 극동상가 101호,35.2560480,128.6140982
NH농협은행,포스코대로지점,경상북도 포항시 남구 포스코대로 394,경상북도,포항시,남구,포스코대로 394,36.0147917,129.3653375
NH농협은행,포항남구청<출>,경상북도 포항시 남구 희망대로 790,경상북도,포항시,남구,희망대로 790,36.0084819,129.3593979
NH농협은행,포항대신지점,경상북도 포항시 북구 대신로 11,경상북도,포항시,북구,대신로 11,36.0451540,129.3678481
NH농협은행,포항대이동금융센터,경상북도 포항시 남구 포스코대로 131,경상북도,포항시,남구,포스코대로 131,36.0261273,129.3402838
NH농협은행,포항시지부,경상북도 포항시 북구 죽도로 31,경상북도,포항시,북구,죽도로 31,36.0340018,129.3644688
NH농협은행,포항시청<출>,경상북도 포항시 남구 시청로 1,경상북도,포항시,남구,시청로 1,36.0190333,129.3433898
NH농협은행,포항양덕지점,경상북도 포항시 북구 천마로 62 (양덕동),경상북도,포항시,북구,천마로 62 (양덕동),36.0821500,129.3971919
NH농협은행,풍기지점,경상북도 영주시 풍기읍 풍기로 65,경상북도,영주시,풍기읍,풍기로 65,36.8706562,128.5256056
NH농협은행,하동군지부,경상남도 하동군 하동읍 중앙로 34,경상남도,하동군,하동읍,중앙로 34,35.0708917,127.7491893
NH농협은행,하동군청<출>,경상남도 하동군 하동읍 군청로 23,경상남도,하동군,하동읍,군청로 23,35.0673330,127.7512750
NH농협은행,하양지점,경상북도 경산시 하양읍 하양로 95,경상북도,경산시,하양읍,하양로 95,35.9130733,128.8180219
NH농협은행,한국농어촌공사지점,전라남도 나주시 그린로 20 한국농어촌공사 별관 1층,전라남도,나주시,그린로,20 한국농어촌공사 별관 1층,35.0203513,126.7771072
NH농협은행,한국수력원자력지점,경상북도 경주시 문무대왕면 불국로 1655,경상북도,경주시,문무대왕면,불국로 1655,35.7951209,129.3892084
NH농협은행,함안군지부,경상남도 함안군 가야읍 가야로 25,경상남도,함안군,가야읍,가야로 25,35.2775929,128.4040585
NH농협은행,함안군청<출>,경상남도 함안군 가야읍 말산로 1,경상남도,함안군,가야읍,말산로 1,35.2723150,128.4065950
NH농협은행,함양군지부,경상남도 함양군 함양읍 함양로 1141,경상남도,함양군,함양읍,함양로 1141,35.5207279,127.7273558
NH농협은행,함양군청<출>,경상남도 함양군 함양읍 고운로 35,경상남도,함양군,함양읍,고운로 35,35.5205360,127.7252450
NH농협은행,함열<출>,전북특별자치도 익산시 함열읍 함열중앙로 21,전라북도,익산시,함열읍,함열중앙로 21,36.0791627,126.9600024
NH농협은행,함창지점,경상북도 상주시 함창읍 함창중앙로 143,경상북도,상주시,함창읍,함창중앙로 143,36.5693917,128.1803000
NH농협은행,함평군지부,전라남도 함평군 함평읍 중앙길 128,전라남도,함평군,함평읍,중앙길 128,35.0651018,126.5207426
NH농협은행,함평군청<출>,전라남도 함평군 함평읍 중앙길 200 농협은행 함평군청 출장소,전라남도,함평군,함평읍,중앙길 200 농협은행 함평군청 출장소,35.0659290,126.5165816
NH농협은행,합성지점,경상남도 창원시 마산회원구 합성남로 23,경상남도,창원시,마산회원구,합성남로 23,35.2376157,128.5851965
NH농협은행,합천군지부,경상남도 합천군 합천읍 충효로4길 14,경상남도,합천군,합천읍,충효로4길 14,35.5667023,128.1599441
NH농협은행,합천군청<출>,경상남도 합천군 합천읍 동서로 119,경상남도,합천군,합천읍,동서로 119,35.5666600,128.1657990
NH농협은행,해남군지부,전라남도 해남군 해남읍 중앙1로 99,전라남도,해남군,해남읍,중앙1로 99,34.5711942,126.6016176
NH농협은행,해남군청<출>,전라남도 해남군 해남읍 군청길 4,전라남도,해남군,해남읍,군청길 4,34.5740398,126.5994353
NH농협은행,화순군지부,전라남도 화순군 화순읍 자치샘로 27,전라남도,화순군,화순읍,자치샘로 27,35.0623547,126.9842002
NH농협은행,화순군청<출>,전라남도 화순군 화순읍 동헌길 23,전라남도,화순군,화순읍,동헌길 23,35.0645238,126.9864771
NH농협은행,효자동지점,전북특별자치도 전주시 완산구 백제대로 141,전라북도,전주시,완산구,백제대로 141,35.8056117,127.1228367
SC제일은행,거제,경상남도 거제시 고현동   거제중앙로 1916,경상남도,거제시,고현동,거제중앙로 1916,34.88219,128.618473
SC제일은행,구미,경상북도 구미시 송정동   백산로 94,경상북도,구미시,송정동,백산로 94,36.118504,128.347242
SC제일은행,군산,전라북도 군산시 수송동   월명로 213,전라북도,군산시,수송동,월명로 213,35.964879,126.717553
SC제일은행,목포,전라남도 목포시 상동   옥암로 83,전라남도,목포시,상동,옥암로 83,34.813824,126.414172
SC제일은행,여천,전라남도 여수시 학동   망마로 40,전라남도,여수시,학동,망마로 40,34.7623,127.6625
SC제일은행,전주,전라북도 전주시 완산구   온고을로 28,전라북도,전주시,완산구,온고을로 28,35.8341891,127.1198324
SC제일은행,창원,경상남도 창원시 성산구   상남로 107,경상남도,창원시,성산구,상남로 107,35.2231118,128.6817807
SC제일은행,포항,경상북도 포항시 북구   죽도로 42,경상북도,포항시,북구,죽도로 42,36.0329902,129.3651498
Sh수협은행,경남지역금융본부,경상남도 창원시 성산구   상남로 113,경상남도,창원시,성산구,상남로 113,35.2234387,128.6822396
Sh수협은행,나주혁신도시,전라남도 나주시 빛가람동   빛가람로 676,전라남도,나주시,빛가람동,빛가람로 676,35.02188,126.790193
Sh수협은행,목포,전라남도 목포시 상동   신흥로 4,전라남도,목포시,상동,신흥로 4,34.813824,126.414172
Sh수협은행,순천금융센터,전라남도 순천시 연향동   충효로 142,전라남도,순천시,연향동,충효로 142,34.9403,127.5221
Sh수협은행,신항만,경상남도 창원시 진해구   신한동로 141,경상남도,창원시,진해구,신한동로 141,35.13306,128.710081
Sh수협은행,전북지역금융본부,전라북도 전주시 덕진구   기린대로 395,전라북도,전주시,덕진구,기린대로 395,35.8372394,127.1321203
Sh수협은행,전주,"전라북도 전주시 덕진구   세병로 21, 포레나전주에코시티 B136호, 151~153호",전라북도,전주시,덕진구,"세병로 21, 포레나전주에코시티 B136호, 151~153호",35.8750422,127.1286968
Sh수협은행,진주,경상남도 진주시 장대동   진양호로 556-1,경상남도,진주시,장대동,진양호로 556-1,35.1932,128.0881
Sh수협은행,포항,경상북도 포항시 북구   불종로 37,경상북도,포항시,북구,불종로 37,36.0388225,129.3637021
iM뱅크(구 대구은행),경북개발공사점,경상북도 예천군 호명읍   행복로35,경상북도,예천군,호명읍,행복로35,36.5797697,128.4672760
iM뱅크(구 대구은행),경북도청점,경상북도 안동시 풍천면   도청대로455,경상북도,안동시,풍천면,도청대로455,36.5759477,128.5056462
iM뱅크(구 대구은행),경산공단영업부,경상북도 경산시 진량면   공단2로64,경상북도,경산시,진량면,공단2로64,35.871335,128.825911
iM뱅크(구 대구은행),경산시청점,경상북도 경산시 중방동   남매로159,경상북도,경산시,중방동,남매로159,35.827058,128.733925
iM뱅크(구 대구은행),경산영업부,경상북도 경산시 중방동   중앙로85,경상북도,경산시,중방동,중앙로85,35.827058,128.733925
iM뱅크(구 대구은행),경운대출장소,경상북도 구미시 산동면   강동로724-5,경상북도,구미시,산동면,강동로724-5,36.1621480,128.4677933
iM뱅크(구 대구은행),경주시청출장소,경상북도 경주시 동천동   양정로260,경상북도,경주시,동천동,양정로260,35.854172,129.222622
iM뱅크(구 대구은행),경주영업부,경상북도 경주시 서부동   화랑로67,경상북도,경주시,서부동,화랑로67,35.847,129.2085
iM뱅크(구 대구은행),고령지점,경상북도 고령군 고령읍   왕릉로105-1,경상북도,고령군,고령읍,왕릉로105-1,35.7291887,128.2671006
iM뱅크(구 대구은행),구미4공단지점,경상북도 구미시 옥계동   산호대로31길11,경상북도,구미시,옥계동,산호대로31길11,36.145374,128.4183
iM뱅크(구 대구은행),구미시청점,경상북도 구미시 송정동   송정대로55,경상북도,구미시,송정동,송정대로55,36.118504,128.347242
iM뱅크(구 대구은행),구미영업부,경상북도 구미시 공단동   수출대로116,경상북도,구미시,공단동,수출대로116,36.0993,128.3798
iM뱅크(구 대구은행),구미중앙로점,경상북도 구미시 원평동   구미중앙로117,경상북도,구미시,원평동,구미중앙로117,36.127055,128.339921
iM뱅크(구 대구은행),김천지점,경상북도 김천시 신음동   시청로75,경상북도,김천시,신음동,시청로75,36.1377,128.1219
iM뱅크(구 대구은행),김천혁신도시점,경상북도 김천시 율곡동   혁신3로5,경상북도,김천시,율곡동,혁신3로5,36.121372,128.183747
iM뱅크(구 대구은행),김해금융센터,경상남도 김해시 부원동   김해대로2352,경상남도,김해시,부원동,김해대로2352,35.228715,128.886565
iM뱅크(구 대구은행),대구대점,경상북도 경산시 진량면   대구대로201,경상북도,경산시,진량면,대구대로201,35.902424,128.847852
iM뱅크(구 대구은행),대구한의대점,경상북도 경산시 한의대로   한의대로1,경상북도,경산시,한의대로,한의대로1,35.796753,128.775721
iM뱅크(구 대구은행),대이동지점,경상북도 포항시 남구   포스코대로130,경상북도,포항시,남구,포스코대로130,36.0255031,129.3400119
iM뱅크(구 대구은행),도량동지점,경상북도 구미시 도량동   송동로122,경상북도,구미시,도량동,송동로122,36.14054,128.332575
iM뱅크(구 대구은행),도청신도시지점,경상북도 예천군 호명읍   도청대로210,경상북도,예천군,호명읍,도청대로210,36.594474,128.468513
iM뱅크(구 대구은행),두호동지점,경상북도 포항시 북구   두호로8,경상북도,포항시,북구,두호로8,36.0597486,129.3776695
iM뱅크(구 대구은행),문경시청출장소,경상북도 문경시 모전동   당교로225,경상북도,문경시,모전동,당교로225,36.591499,128.187363
iM뱅크(구 대구은행),문경지점,경상북도 문경시 점촌동   중앙로102,경상북도,문경시,점촌동,중앙로102,36.598631,128.197773
iM뱅크(구 대구은행),봉곡지점,경상북도 구미시 봉곡동   봉곡남로85,경상북도,구미시,봉곡동,봉곡남로85,36.152049,128.31185
iM뱅크(구 대구은행),북삼지점,경상북도 칠곡군 북삼읍   금오대로266,경상북도,칠곡군,북삼읍,금오대로266,36.0689836,128.3469303
iM뱅크(구 대구은행),사동점,경상북도 경산시 사동   백자로76,경상북도,경산시,사동,백자로76,35.8092,128.7533
iM뱅크(구 대구은행),상대점,경상북도 포항시 남구   상공로10,경상북도,포항시,남구,상공로10,36.0095195,129.3565223
iM뱅크(구 대구은행),상모사곡점,경상북도 구미시 임은동   상사동로6길4,경상북도,구미시,임은동,상사동로6길4,36.0869,128.3642
iM뱅크(구 대구은행),상주시청출장소,경상북도 상주시 남성동   상산로223,경상북도,상주시,남성동,상산로223,36.411399,128.159425
iM뱅크(구 대구은행),상주지점,경상북도 상주시 남성동   상산로255,경상북도,상주시,남성동,상산로255,36.411399,128.159425
iM뱅크(구 대구은행),선산점,경상북도 구미시 선산읍   중앙로97,경상북도,구미시,선산읍,중앙로97,36.242976,128.298975
iM뱅크(구 대구은행),성주지점,경상북도 성주군 성주읍   성주로3263-3,경상북도,성주군,성주읍,성주로3263-3,35.9179995,128.2906178
iM뱅크(구 대구은행),안동지점,경상북도 안동시 옥동   경북대로389,경상북도,안동시,옥동,경북대로389,36.561542,128.70175
iM뱅크(구 대구은행),양덕지점,경상북도 포항시 북구   천마로72번길22,경상북도,포항시,북구,천마로72번길22,36.0828290,129.3995820
iM뱅크(구 대구은행),양산금융센터,경상남도 양산시 신기동   양산대로931,경상남도,양산시,신기동,양산대로931,35.350499,129.056125
iM뱅크(구 대구은행),영남대지점,경상북도 경산시 대동   대학로292,경상북도,경산시,대동,대학로292,35.834944,128.751778
iM뱅크(구 대구은행),영주지점,경상북도 영주시 하망3동   번영로149,경상북도,영주시,하망3동,번영로149,36.820648,128.628376
iM뱅크(구 대구은행),영천시청지점,경상북도 영천시 문외동   시청로28,경상북도,영천시,문외동,시청로28,35.973301,128.936775
iM뱅크(구 대구은행),영천영업부,경상북도 영천시 완산동   시장로45,경상북도,영천시,완산동,시장로45,35.964136,128.946883
iM뱅크(구 대구은행),왜관공단영업부,경상북도 칠곡군 왜관읍   공단로200,경상북도,칠곡군,왜관읍,공단로200,35.9680470,128.4175564
iM뱅크(구 대구은행),왜관지점,경상북도 칠곡군 왜관읍   중앙로152,경상북도,칠곡군,왜관읍,중앙로152,35.9883996,128.3996069
iM뱅크(구 대구은행),외동공단지점,경상북도 경주시 외동읍   산업로1842,경상북도,경주시,외동읍,산업로1842,35.6786752,129.3337751
iM뱅크(구 대구은행),용강지점,경상북도 경주시 용강동   다불로7,경상북도,경주시,용강동,다불로7,35.864257,129.223187
iM뱅크(구 대구은행),인동지점,경상북도 구미시 황상동   인동가산로19,경상북도,구미시,황상동,인동가산로19,36.1159,128.4401
iM뱅크(구 대구은행),정평동지점,경상북도 경산시 정평동   대학로63,경상북도,경산시,정평동,대학로63,35.835099,128.728125
iM뱅크(구 대구은행),중산지점,경상북도 경산시 중산동   펜타힐즈로74,경상북도,경산시,중산동,펜타힐즈로74,35.8313,128.7207
iM뱅크(구 대구은행),창원영업부,경상남도 창원시 성산구   용지로159,경상남도,창원시,성산구,용지로159,35.2292042,128.6813193
iM뱅크(구 대구은행),청도지점,경상북도 청도군 청도읍   청화로151,경상북도,청도군,청도읍,청화로151,35.6441510,128.7426593
iM뱅크(구 대구은행),포스코타운지점,경상북도 포항시 남구   지곡로247,경상북도,포항시,남구,지곡로247,36.0283714,129.3243142
iM뱅크(구 대구은행),포항공단지점,경상북도 포항시 남구   철강로362,경상북도,포항시,남구,철강로362,35.9781626,129.3792032
iM뱅크(구 대구은행),포항남구청출장소,경상북도 포항시 남구   희망대로 790,경상북도,포항시,남구,희망대로 790,36.0084819,129.3593979
iM뱅크(구 대구은행),포항북구청출장소,경상북도 포항시 북구   삼호로36,경상북도,포항시,북구,삼호로36,36.0437422,129.3685770
iM뱅크(구 대구은행),포항성모병원점,경상북도 포항시 남구   대잠동길17,경상북도,포항시,남구,대잠동길17,36.0159003,129.3399527
iM뱅크(구 대구은행),포항시청점,경상북도 포항시 남구   시청로1,경상북도,포항시,남구,시청로1,36.0190333,129.3433898
iM뱅크(구 대구은행),포항영업부,경상북도 포항시 남구   포스코대로329,경상북도,포항시,남구,포스코대로329,36.0185995,129.3599242
iM뱅크(구 대구은행),포항중앙지점,경상북도 포항시 북구   중앙로270-1,경상북도,포항시,북구,중앙로270-1,36.0369446,129.3654832
iM뱅크(구 대구은행),하양지점,경상북도 경산시 하양읍   대학로1517,경상북도,경산시,하양읍,대학로1517,35.9133926,128.8212084
iM뱅크(구 대구은행),해도동점,경상북도 포항시 남구   중앙로108,경상북도,포항시,남구,중앙로108,36.0227971,129.3688527
iM뱅크(구 대구은행),형곡동지점,경상북도 구미시 형곡동   신시로75-1,경상북도,구미시,형곡동,신시로75-1,36.114007,128.334438
iM뱅크(구 대구은행),황성동지점,경상북도 경주시 황성동   황성로7,경상북도,경주시,황성동,황성로7,35.872229,129.219185
iM뱅크(구 대구은행),흥해점,경상북도 포항시 북구   동해대로1552,경상북도,포항시,북구,동해대로1552,36.1106209,129.3421833
광주은행,강진,전라남도 강진군 강진읍   보은로 2길 35,전라남도,강진군,강진읍,보은로 2길 35,34.6396850,126.7697960
광주은행,고흥,전라남도 고흥군 고흥읍   고흥로 1762,전라남도,고흥군,고흥읍,고흥로 1762,34.6073890,127.2868889
광주은행,광양,전라남도 광양시 광양읍   희양현로 40,전라남도,광양시,광양읍,희양현로 40,34.9744798,127.5872072
광주은행,나주,전라남도 나주시 중앙동   중앙로 34,전라남도,나주시,중앙동,중앙로 34,35.032558,126.72045
광주은행,남순천,전라남도 순천시 덕암동   팔마로 205,전라남도,순천시,덕암동,팔마로 205,34.9457,127.5069
광주은행,담양,전라남도 담양군 담양읍   중앙로 66,전라남도,담양군,담양읍,중앙로 66,35.3191417,126.9828430
광주은행,동광양금융센터,전라남도 광양시 중동   중마중앙로 137,전라남도,광양시,중동,중마중앙로 137,34.9364,127.6938
광주은행,목포,전라남도 목포시 명륜동   영산로 93,전라남도,목포시,명륜동,영산로 93,34.791785,126.385729
광주은행,목포시청,전라남도 목포시 용당동   양을로 203,전라남도,목포시,용당동,양을로 203,34.806,126.391687
광주은행,무안,전라남도 무안군 무안읍   무안중앙로 12,전라남도,무안군,무안읍,무안중앙로 12,34.9887464,126.4778109
광주은행,보성,전라남도 보성군 보성읍   동산길 12-2,전라남도,보성군,보성읍,동산길 12-2,34.7692171,127.0804551
광주은행,북항,전라남도 목포시 산정동   고하대로 668,전라남도,목포시,산정동,고하대로 668,34.809166,126.386575
광주은행,빛가람한전,전라남도 나주시 빛가람동   전력로 2,전라남도,나주시,빛가람동,전력로 2,35.02188,126.790193
광주은행,순천,전라남도 순천시 장천동   중앙로 72,전라남도,순천시,장천동,중앙로 72,34.948478,127.486756
광주은행,순천법조타운,전라남도 순천시 왕지동   왕지로 35,전라남도,순천시,왕지동,왕지로 35,34.975,127.538
광주은행,순천신대,전라남도 순천시 해룡면   향매로 109,전라남도,순천시,해룡면,향매로 109,34.9332783,127.5513877
광주은행,여서동,전라남도 여수시 여서동   여서1로 8,전라남도,여수시,여서동,여서1로 8,34.750726,127.708854
광주은행,여수,전라남도 여수시 교동   중앙로 28,전라남도,여수시,교동,중앙로 28,34.739977,127.732418
광주은행,여수시청,전라남도 여수시 학동   시청로 1,전라남도,여수시,학동,시청로 1,34.7623,127.6625
광주은행,여수시청로,전라남도 여수시 학동   시청로 15,전라남도,여수시,학동,시청로 15,34.7623,127.6625
광주은행,여수웅천,전라남도 여수시 웅천동   웅천로 134,전라남도,여수시,웅천동,웅천로 134,34.747342,127.681595
광주은행,연향동,전라남도 순천시 조례동   이수로 319,전라남도,순천시,조례동,이수로 319,34.9618,127.524
광주은행,영광,전라남도 영광군 영광읍   옥당로 125,전라남도,영광군,영광읍,옥당로 125,35.2733171,126.5019100
광주은행,영산포,전라남도 나주시 이창동   예향로 3803,전라남도,나주시,이창동,예향로 3803,34.997635,126.710525
광주은행,영암,전라남도 영암군 영암읍   중앙로 34,전라남도,영암군,영암읍,중앙로 34,34.7991478,126.6975923
광주은행,완도,전라남도 완도군 완도읍   장보고대로 264,전라남도,완도군,완도읍,장보고대로 264,34.3154393,126.7539499
광주은행,용당동,전라남도 목포시 용당동   영산로 302,전라남도,목포시,용당동,영산로 302,34.806,126.391687
광주은행,율촌산단,전라남도 순천시 해룡면   율촌산단4로 13,전라남도,순천시,해룡면,율촌산단4로 13,34.8980514,127.5798344
광주은행,장성,전라남도 장성군 장성읍   영천로 168,전라남도,장성군,장성읍,영천로 168,35.3002862,126.7825331
광주은행,장흥,전라남도 장흥군 장흥읍   중앙로 19-1,전라남도,장흥군,장흥읍,중앙로 19-1,34.6777577,126.9084233
광주은행,전남도청,전라남도 무안군 삼향읍   오룡길 1,전라남도,무안군,삼향읍,오룡길 1,34.8161102,126.4631714
광주은행,전남영업부,전라남도 무안군 삼향읍   후광대로 242,전라남도,무안군,삼향읍,후광대로 242,34.8139710,126.4581263
광주은행,하당,전라남도 목포시 상동   신흥로 50,전라남도,목포시,상동,신흥로 50,34.813824,126.414172
광주은행,함평,전라남도 함평군 합평읍   광남길 71,전라남도,함평군,합평읍,광남길 71,35.063819,126.519653
광주은행,해남,전라남도 해남군 해남읍   남부순환로 159,전라남도,해남군,해남읍,남부순환로 159,34.5654404,126.5943034
광주은행,화순,전라남도 화순군 화순읍   자치샘로 48,전라남도,화순군,화순읍,자치샘로 48,35.0609453,126.9860371
광주은행,화순전대병원,전라남도 화순군 화순읍   서양로 322,전라남도,화순군,화순읍,서양로 322,35.0594333,127.0025000
수출입은행,구미,경상북도 구미시 신평동   구미대로 350-27,경상북도,구미시,신평동,구미대로 350-27,36.120907,128.359275
수출입은행,여수,전라남도 여수시 봉계동   좌수영로 962-12,전라남도,여수시,봉계동,좌수영로 962-12,34.7836,127.6799
수출입은행,전주,전북특별자치도 전주시 서신동   온고을로 1,전라북도,전주시,서신동,온고을로 1,35.831085,127.115549
수출입은행,창원,경상남도 창원시 용호동   중앙대로 257,경상남도,창원시,용호동,중앙대로 257,35.23439,128.681995
신한은행,LG이노텍(출),경북 구미시 구포동   옥계2공단로 221,경상북도,구미시,구포동,옥계2공단로 221,36.1279,128.4159
신한은행,LG이노텍1(출),경북 구미시 공단동   수출대로9길 66,경상북도,구미시,공단동,수출대로9길 66,36.0993,128.3798
신한은행,LG전자창원1공장(출),경남 창원시 성산구   성산패총로 170,경상남도,창원시,성산구,성산패총로 170,35.2054972,128.6858721
신한은행,LG전자창원2공장디지털출장소,경남 창원시 성산구   완암로 84,경상남도,창원시,성산구,완암로 84,35.2091217,128.6675055
신한은행,거제금융센터,경남 거제시 고현동   거제중앙로 1925,경상남도,거제시,고현동,거제중앙로 1925,34.88219,128.618473
신한은행,거창,경남 거창군 거창읍   중앙로 127,경상남도,거창군,거창읍,중앙로 127,35.6870506,127.9122968
신한은행,경산공단금융센터,경북 경산시 진량읍   공단6로24길 239,경상북도,경산시,진량읍,공단6로24길 239,35.87399,128.816213
신한은행,경주금융센터,경북 경주시 동부동   화랑로 99,경상북도,경주시,동부동,화랑로 99,35.8458,129.212
신한은행,경주동국대학교(출),경북 경주시 석장동   동대로 123,경상북도,경주시,석장동,동대로 123,35.8589,129.1874
신한은행,경주법원(출),경북 경주시 동부동   화랑로 89,경상북도,경주시,동부동,화랑로 89,35.8458,129.212
신한은행,광양금융센터,전남 광양시 중동   오류로 40,전라남도,광양시,중동,오류로 40,34.9364,127.6938
신한은행,구미금융센터,경북 구미시 공단동   1공단로 188,경상북도,구미시,공단동,1공단로 188,36.1229046,128.3666835
신한은행,군산,전북 군산시 수송동   월명로 219,전라북도,군산시,수송동,월명로 219,35.964879,126.717553
신한은행,군산법원(출),전북 군산시 조촌동   법원로 68,전라북도,군산시,조촌동,법원로 68,35.974425,126.737225
신한은행,김천금융센터,경북 김천시 평화동   김천로 146,경상북도,김천시,평화동,김천로 146,36.125564,128.111623
신한은행,김천법원(출),경북 김천시 삼락동   물망골길 39,경상북도,김천시,삼락동,물망골길 39,36.1419,128.0793
신한은행,김해금융센터,경남 김해시 내동   내외중앙로 92,경상남도,김해시,내동,내외중앙로 92,35.2424,128.8622
신한은행,나주빛가람,전남 나주시 빛가람동   전력로 2,전라남도,나주시,빛가람동,전력로 2,35.02188,126.790193
신한은행,마산금융센터,경남 창원시 마산합포구   산호북19길 1,경상남도,창원시,마산합포구,산호북19길 1,35.2215853,128.5852486
신한은행,목포,전남 목포시 호남동   영산로 118,전라남도,목포시,호남동,영산로 118,34.7939,126.3879
신한은행,목포대학교,전남 무안군 청계면   영산로 1666,전라남도,무안군,청계면,영산로 1666,34.9103065,126.4402102
신한은행,목포법원(출),전남 목포시 옥암동   정의로 29,전라남도,목포시,옥암동,정의로 29,34.81015,126.429858
신한은행,목포하당금융센터,전남 목포시 상동   백년대로 352,전라남도,목포시,상동,백년대로 352,34.813824,126.414172
신한은행,새만금금융센터,전북 군산시 오식도동   자유로 482,전라북도,군산시,오식도동,자유로 482,35.958517,126.548051
신한은행,순천금융센터,전남 순천시 연향동   연향3로 31,전라남도,순천시,연향동,연향3로 31,34.9403,127.5221
신한은행,순천법원,전남 순천시 왕지동   왕지로 21,전라남도,순천시,왕지동,왕지로 21,34.975,127.538
신한은행,시티세븐,경남 창원시 성산구   원이대로 320,경상남도,창원시,성산구,원이대로 320,35.2396668,128.6544087
신한은행,안동,경북 안동시 삼산동   중앙로 41,경상북도,안동시,삼산동,중앙로 41,36.565728,128.731296
신한은행,안동대학교(출),경북 안동시 송천동   경동로 1375,경상북도,안동시,송천동,경동로 1375,36.5485,128.798225
신한은행,안동법원(출),경북 안동시 정하동   강남로 304,경상북도,안동시,정하동,강남로 304,36.5438,128.7292
신한은행,안동병원(출),경북 안동시 수상동   앙실로 11,경상북도,안동시,수상동,앙실로 11,36.539883,128.706125
신한은행,안동시청(출),경북 안동시 명륜동   퇴계로 115,경상북도,안동시,명륜동,퇴계로 115,36.5699,128.7295
신한은행,양산금융센터,경남 양산시 북부동   중앙로 177,경상남도,양산시,북부동,중앙로 177,35.3466,129.041
신한은행,여수금융센터,전남 여수시 학동   시청로 6,전라남도,여수시,학동,시청로 6,34.7623,127.6625
신한은행,영주,경북 영주시 하망동   영주로 227,경상북도,영주시,하망동,영주로 227,36.823899,128.630352
신한은행,웅상금융센터,경남 양산시 삼호동   삼호1길 52,경상남도,양산시,삼호동,삼호1길 52,35.407,129.1837
신한은행,익산금융센터,전북 익산시 영등동   무왕로 1052,전라북도,익산시,영등동,무왕로 1052,35.952341,126.972578
신한은행,인동금융센터,경북 구미시 인의동   인동가산로 35,경상북도,구미시,인의동,인동가산로 35,36.1068,128.4353
신한은행,인제대학교(출),경남 김해시 어방동   인제로 197,경상남도,김해시,어방동,인제로 197,35.2378,128.9033
신한은행,전북금융센터,전북 전주시 완산구   팔달로 204,전라북도,전주시,완산구,팔달로 204,35.8206363,127.1464285
신한은행,전주,전북 전주시 완산구   팔달로 204,전라북도,전주시,완산구,팔달로 204,35.8206363,127.1464285
신한은행,전주에코시티,전북 전주시 덕진구   과학로 20,전라북도,전주시,덕진구,과학로 20,35.8719720,127.1227184
신한은행,진영금융센터,경남 김해시 진영읍   장등로 8,경상남도,김해시,진영읍,장등로 8,35.3069631,128.7352174
신한은행,진주금융센터,경남 진주시 상대동   솔밭로 107,경상남도,진주시,상대동,솔밭로 107,35.180097,128.111759
신한은행,창원,경남 창원시 성산구   중앙대로 99,경상남도,창원시,성산구,중앙대로 99,35.2238542,128.6793721
신한은행,창원기업금융센터,경남 창원시 성산구   중앙대로 60,경상남도,창원시,성산구,중앙대로 60,35.2201977,128.6777107
신한은행,포스코대로금융센터,경북 포항시 북구   포스코대로 299,경상북도,포항시,북구,포스코대로 299,36.0200277,129.3571899
신한은행,포항,경북 포항시 북구   중앙로 284,경상북도,포항시,북구,중앙로 284,36.0381449,129.3659406
신한은행,포항법원(출),경북 포항시 북구   법원로 181,경상북도,포항시,북구,법원로 181,36.0919166,129.3888393
우리은행,LG전자(출),경남 창원시 성산구 성산동   완암로,경상남도,창원시,성산구,성산동 완암로,35.198384,128.70294
우리은행,LH진주혁신도시지점,경남 진주시 충무공동   충의로,경상남도,진주시,충무공동,충의로,35.1749,128.150337
우리은행,POSCO기술연구소(출),경북 포항시 남구 동촌동   동해안로,경상북도,포항시,남구,동촌동 동해안로,36.008482,129.359398
우리은행,POSCO타운지점,경북 포항시 남구 지곡동   지곡로,경상북도,포항시,남구,지곡동 지곡로,36.008482,129.359398
우리은행,거제지점,경남 거제시 고현동   거제중앙로,경상남도,거제시,고현동,거제중앙로,34.88219,128.618473
우리은행,경산지점,경북 경산시 중산동   옥산로,경상북도,경산시,중산동,옥산로,35.8313,128.7207
우리은행,경주지점,경북 경주시 동부동   화랑로,경상북도,경주시,동부동,화랑로,35.8458,129.212
우리은행,광양POSCO금융센터,전남 광양시 금호동   희망길,전라남도,광양시,금호동,희망길,34.937703,127.723185
우리은행,구미공단금융센터,경북 구미시 공단동   1공단로,경상북도,구미시,공단동,1공단로,36.1229046,128.3666835
우리은행,구미인동지점,경북 구미시 황상동   인동가산로,경상북도,구미시,황상동,인동가산로,36.1159,128.4401
우리은행,구미지점,경북 구미시 송정동   송정대로,경상북도,구미시,송정동,송정대로,36.118504,128.347242
우리은행,국민연금공단금융센터,전북 전주시 덕진구 만성동   기지로,전라북도,전주시,덕진구,만성동 기지로,35.8294,127.134362
우리은행,군산금융센터,전북 군산시 수송동   문화로,전라북도,군산시,수송동,문화로,35.964879,126.717553
우리은행,군산나운동지점,전북 군산시 나운동   백토로,전라북도,군산시,나운동,백토로,35.96679,126.694791
우리은행,군산디오션시티(출),전북 군산시 조촌동   궁포1로,전라북도,군산시,조촌동,궁포1로,35.974425,126.737225
우리은행,김제지점,전북 김제시 요촌동   화동길,전라북도,김제시,요촌동,화동길,35.805192,126.891464
우리은행,김천지점,경북 김천시 율곡동   혁신3로,경상북도,김천시,율곡동,혁신3로,36.121372,128.183747
우리은행,김해금융센터,경남 김해시 내동   내외중앙로,경상남도,김해시,내동,내외중앙로,35.2424,128.8622
우리은행,김해장유지점,경남 김해시 대청동   번화1로56번길,경상남도,김해시,대청동,번화1로56번길,35.1863,128.7761
우리은행,마산지점,경남 창원시 마산합포구 남성동   해안대로,경상남도,창원시,마산합포구,남성동 해안대로,35.196874,128.567863
우리은행,목포지점,전남 목포시 상동   백년대로,전라남도,목포시,상동,백년대로,34.813824,126.414172
우리은행,밀양(출),경남 밀양시 내일동   석정로,경상남도,밀양시,내일동,석정로,35.493713,128.754263
우리은행,사천금융센터,경남 사천시 사천읍   옥산로,경상남도,사천시,사천읍,옥산로,35.087718,128.087673
우리은행,순천지점,전남 순천시 연향동   이수로,전라남도,순천시,연향동,이수로,34.9403,127.5221
우리은행,안동지점,경북 안동시 옥동   경북대로,경상북도,안동시,옥동,경북대로,36.561542,128.70175
우리은행,양산금융센터,경남 양산시 북부동   중앙로,경상남도,양산시,북부동,중앙로,35.3466,129.041
우리은행,여수지점,전남 여수시 관문동   동문로,전라남도,여수시,관문동,동문로,34.742635,127.7425
우리은행,여천지점,전남 여수시 학동   시청로,전라남도,여수시,학동,시청로,34.7623,127.6625
우리은행,영주지점,경북 영주시 영주동   구성로,경상북도,영주시,영주동,구성로,36.828253,128.623704
우리은행,익산영등동지점,전북 익산시 영등동   무왕로,전라북도,익산시,영등동,무왕로,35.952341,126.972578
우리은행,익산지점,전북 익산시 창인동1가   익산대로16길,전라북도,익산시,창인동1가,익산대로16길,35.9418,126.9509
우리은행,전북혁신도시(출),전북 완주군 이서면   안전로,전라북도,완주군,이서면,안전로,35.820702,127.022574
우리은행,전주금융센터,전북 전주시 완산구 경원동1가   팔달로,전라북도,전주시,완산구,경원동1가 팔달로,35.8122,127.119813
우리은행,전주대학교(출),전북 전주시 완산구 효자동2가   천잠로,전라북도,전주시,완산구,효자동2가 천잠로,35.8122,127.119813
우리은행,전주송천동지점,전북 전주시 덕진구 송천동1가   송천로,전라북도,전주시,덕진구,송천동1가 송천로,35.8294,127.134362
우리은행,전주중앙금융센터,전북 전주시 완산구 효자동2가   홍산로,전라북도,전주시,완산구,효자동2가 홍산로,35.8122,127.119813
우리은행,정읍지점,전북 정읍시 상동   충정로,전라북도,정읍시,상동,충정로,35.5612,126.8711
우리은행,중소벤처기업진흥공단지점,경남 진주시 충무공동   동진로,경상남도,진주시,충무공동,동진로,35.1749,128.150337
우리은행,진영지점,경남 김해시 진영읍   김해대로361번길,경상남도,김해시,진영읍,김해대로361번길,35.304435,128.736909
우리은행,진주지점,경남 진주시 대안동   진주대로,경상남도,진주시,대안동,진주대로,35.1948,128.0839
우리은행,진해지점,경남 창원시 진해구 평안동   백구로,경상남도,창원시,진해구,평안동 백구로,35.13306,128.710081
우리은행,창원공단금융센터,경남 창원시 성산구 외동   창원대로,경상남도,창원시,성산구,외동 창원대로,35.198384,128.70294
우리은행,창원금융센터,경남 창원시 성산구 상남동   상남로,경상남도,창원시,성산구,상남동 상남로,35.198384,128.70294
우리은행,창원토월지점,경남 창원시 성산구 상남동   동산로,경상남도,창원시,성산구,상남동 동산로,35.198384,128.70294
우리은행,통영지점,경남 통영시 중앙동   중앙로,경상남도,통영시,중앙동,중앙로,34.844871,128.422873
우리은행,포항POSCO금융센터,경북 포항시 남구 괴동동   동해안로,경상북도,포항시,남구,괴동동 동해안로,36.008482,129.359398
우리은행,포항공대(출),경북 포항시 남구 지곡동   청암로,경상북도,포항시,남구,지곡동 청암로,36.008482,129.359398
우리은행,포항법원(출),경북 포항시 북구 양덕동   법원로,경상북도,포항시,북구,양덕동 법원로,36.043872,129.368534
우리은행,포항중앙지점,경북 포항시 북구 죽도동   중흥로,경상북도,포항시,북구,죽도동 중흥로,36.043872,129.368534
우리은행,포항지점,경북 포항시 북구 상원동   서동로,경상북도,포항시,북구,상원동 서동로,36.043872,129.368534
우리은행,한국항공우주산업(출),경남 사천시 사남면   공단1로,경상남도,사천시,사남면,공단1로,35.052558,128.075173
우리은행,한전빛가람금융센터,전남 나주시 빛가람동   전력로,전라남도,나주시,빛가람동,전력로,35.02188,126.790193
전북은행,경원동,전라북도 전주시 완산구   208,전라북도,전주시,완산구,208,35.8122,127.119813
전북은행,고창,전라북도 고창군 고창읍   202,전라북도,고창군,고창읍,202,35.434461,126.703018
전북은행,군산,전라북도 군산시 장미동   30,전라북도,군산시,장미동,30,35.9894367,126.7128135
전북은행,군산대,전라북도 군산시 미룡동   558,전라북도,군산시,미룡동,558,35.9522384,126.6760538
전북은행,군산시청,전라북도 군산시 조촌동   17,전라북도,군산시,조촌동,17,35.9762380,126.7499645
전북은행,금암,전라북도 전주시 덕진구   5,전라북도,전주시,덕진구,5,35.8294,127.134362
전북은행,김제,전라북도 김제시 요촌동   33,전라북도,김제시,요촌동,33,35.8074935,126.8929859
전북은행,남원,전라북도 남원시 도통동   50,전라북도,남원시,도통동,50,35.4185859,127.3987962
전북은행,따뜻한금융클리닉전주센터,전라북도 전주시 완산구   216,전라북도,전주시,완산구,216,35.8122,127.119813
전북은행,모래내,전라북도 전주시 덕진구   169,전라북도,전주시,덕진구,169,35.8294,127.134362
전북은행,모현동,전라북도 익산시 모현동   36,전라북도,익산시,모현동,36,35.9544644,126.9477751
전북은행,무주,전라북도 무주군 무주읍   10,전라북도,무주군,무주읍,10,36.008792,127.662238
전북은행,부안,전라북도 부안군 부안읍   200,전라북도,부안군,부안읍,200,35.729625,126.736814
전북은행,삼천동,전라북도 전주시 완산구   140,전라북도,전주시,완산구,140,35.8122,127.119813
전북은행,상공회의소,전라북도 전주시 완산구   276,전라북도,전주시,완산구,276,35.8122,127.119813
전북은행,새만금,전라북도 군산시 오식도동   466,전라북도,군산시,오식도동,466,35.958517,126.548051
전북은행,서곡,전라북도 전주시 완산구   556,전라북도,전주시,완산구,556,35.8122,127.119813
전북은행,서나운,전라북도 군산시 나운동   27,전라북도,군산시,나운동,27,35.96679,126.694791
전북은행,서신동,전라북도 전주시 완산구   62,전라북도,전주시,완산구,62,35.8122,127.119813
전북은행,서진로,전라북도 전주시 완산구   294,전라북도,전주시,완산구,294,35.8122,127.119813
전북은행,소룡동,전라북도 군산시 소룡동   593,전라북도,군산시,소룡동,593,35.9803119,126.6737600
전북은행,솔내,전라북도 전주시 덕진구   181,전라북도,전주시,덕진구,181,35.8294,127.134362
전북은행,송천동,전라북도 전주시 덕진구   31,전라북도,전주시,덕진구,31,35.8294,127.134362
전북은행,수송동,전라북도 군산시 수송동   205,전라북도,군산시,수송동,205,35.964879,126.717553
전북은행,순창,전라북도 순창군 순창읍   217,전라북도,순창군,순창읍,217,35.37699,127.147026
전북은행,아중,전라북도 전주시 덕진구   34,전라북도,전주시,덕진구,34,35.8294,127.134362
전북은행,안골,전라북도 전주시 덕진구   265,전라북도,전주시,덕진구,265,35.8294,127.134362
전북은행,안행교,전라북도 전주시 완산구   62,전라북도,전주시,완산구,62,35.8122,127.119813
전북은행,에코시티,전라북도 전주시 덕진구   35,전라북도,전주시,덕진구,35,35.8294,127.134362
전북은행,여의동,전라북도 전주시 덕진구   54-1,전라북도,전주시,덕진구,54-1,35.8294,127.134362
전북은행,영등동,전라북도 익산시 영등동   12,전라북도,익산시,영등동,12,35.9665615,126.9741997
전북은행,영업부,전라북도 전주시 덕진구   566,전라북도,전주시,덕진구,566,35.8294,127.134362
전북은행,완주군청,전라북도 완주군 용진읍   61,전라북도,완주군,용진읍,61,35.883603,127.156789
전북은행,완주산단,전라북도 완주군 봉동읍   1033,전라북도,완주군,봉동읍,1033,35.941715,127.165875
전북은행,우석대,전라북도 완주군 삼례읍   443,전라북도,완주군,삼례읍,443,35.913192,127.077957
전북은행,원광,전라북도 익산시 신동   893,전라북도,익산시,신동,893,35.959818,126.961288
전북은행,원광대,전라북도 익산시 신동   460,전라북도,익산시,신동,460,35.9644950,126.9527500
전북은행,원광보건대,전라북도 익산시 신용동   501,전라북도,익산시,신용동,501,35.9679274,126.9464988
전북은행,익산,전라북도 익산시 중앙동   10,전라북도,익산시,중앙동,10,35.9379914,126.9469807
전북은행,익산공단,전라북도 익산시 영등동   156,전라북도,익산시,영등동,156,35.9570157,126.9777305
전북은행,익산시청,전라북도 익산시 남중동   81,전라북도,익산시,남중동,81,35.9463368,126.9567603
전북은행,인화동,전라북도 익산시 인화동   28-6,전라북도,익산시,인화동,28-6,35.9321784,126.9545000
전북은행,장승로,전라북도 전주시 완산구   294,전라북도,전주시,완산구,294,35.8122,127.119813
전북은행,전북대,전라북도 전주시 덕진구   567,전라북도,전주시,덕진구,567,35.8294,127.134362
전북은행,전북대병원,전라북도 전주시 덕진구   20,전라북도,전주시,덕진구,20,35.8294,127.134362
전북은행,전북특별자치도청,전라북도 전주시 완산구   225,전라북도,전주시,완산구,225,35.8122,127.119813
전북은행,전주공단,전라북도 전주시 덕진구   164,전라북도,전주시,덕진구,164,35.8294,127.134362
전북은행,전주법원,전라북도 전주시 덕진구   31,전라북도,전주시,덕진구,31,35.8294,127.134362
전북은행,전주시청,전라북도 전주시 완산구   10,전라북도,전주시,완산구,10,35.8122,127.119813
전북은행,전주첫마중길,전라북도 전주시 덕진구   777,전라북도,전주시,덕진구,777,35.8294,127.134362
전북은행,전주한옥마을,전라북도 전주시 완산구   5,전라북도,전주시,완산구,5,35.8122,127.119813
전북은행,정읍,전라북도 정읍시 수성동   1,전라북도,정읍시,수성동,1,35.5860294,126.8637125
전북은행,정읍시청,전라북도 정읍시 수성동   234,전라북도,정읍시,수성동,234,35.569567,126.850382
전북은행,조촌디오션,전라북도 군산시 조촌동   5,전라북도,군산시,조촌동,5,35.9811971,126.7432831
전북은행,중산,전라북도 전주시 완산구   260,전라북도,전주시,완산구,260,35.8122,127.119813
전북은행,진북동,전라북도 전주시 덕진구   10,전라북도,전주시,덕진구,10,35.8294,127.134362
전북은행,진안,전라북도 진안군 진안읍   1098,전라북도,진안군,진안읍,1098,35.78932,127.423233
전북은행,테크노파크,전라북도 전주시 덕진구   110-5,전라북도,전주시,덕진구,110-5,35.8294,127.134362
전북은행,팔복동,전라북도 전주시 덕진구   688,전라북도,전주시,덕진구,688,35.8294,127.134362
전북은행,평화동,전라북도 전주시 완산구   115,전라북도,전주시,완산구,115,35.8122,127.119813
전북은행,하가,전라북도 전주시 덕진구   17,전라북도,전주시,덕진구,17,35.8294,127.134362
전북은행,혁신도시,전라북도 전주시 덕진구   66,전라북도,전주시,덕진구,66,35.8294,127.134362
전북은행,호성동,전라북도 전주시 덕진구   37,전라북도,전주시,덕진구,37,35.8294,127.134362
전북은행,호암로,전라북도 전주시 완산구   4,전라북도,전주시,완산구,4,35.8122,127.119813
전북은행,호원대,전라북도 군산시 임지면   64,전라북도,군산시,임지면,64,35.979245,126.715613
전북은행,화산,전라북도 전주시 완산구   222,전라북도,전주시,완산구,222,35.8122,127.119813
전북은행,효자동,전라북도 전주시 완산구   166,전라북도,전주시,완산구,166,35.8122,127.119813
하나은행,LH,경상남도 진주시 충무공동   충의로 19,경상남도,진주시,충무공동,충의로 19,35.1749,128.150337
하나은행,거제,경상남도 거제시 고현동   서문로6길1,경상남도,거제시,고현동,서문로6길1,34.88219,128.618473
하나은행,경산공단금융센터,경상북도 경산시 진량읍   다문로 74,경상북도,경산시,진량읍,다문로 74,35.8750264,128.8192733
하나은행,경주금융센터,경상북도 경주시 성동동   화랑로 125,경상북도,경주시,성동동,화랑로 125,35.8486,129.2178
하나은행,광양,전라남도 광양시 중동   중마중앙로 118,전라남도,광양시,중동,중마중앙로 118,34.9364,127.6938
하나은행,구미,경상북도 구미시 공단동   수출대로 134,경상북도,구미시,공단동,수출대로 134,36.0993,128.3798
하나은행,구미4공단,경상북도 구미시 산동면   산동면 신당2로 9,경상북도,구미시,산동면,산동면 신당2로 9,36.169676,128.43415
하나은행,구미엘지디스플레이,경상북도 구미시 진평동   3공단2로 235,경상북도,구미시,진평동,3공단2로 235,36.1004034,128.4240113
하나은행,구미역,경상북도 구미시 원평동   금오산로6길 12,경상북도,구미시,원평동,금오산로6길 12,36.127055,128.339921
하나은행,군산,전북특별자치도 군산시 수송동   월명로 260,전라북도,군산시,수송동,월명로 260,35.964879,126.717553
하나은행,김해,경상남도 김해시 내동   내외중앙로 59,경상남도,김해시,내동,내외중앙로 59,35.2424,128.8622
하나은행,김해외환센터,경상남도 김해시 서상동   분성로 321,경상남도,김해시,서상동,분성로 321,35.236674,128.880736
하나은행,김해중앙,경상남도 김해시 내동   내외중앙로 76,경상남도,김해시,내동,내외중앙로 76,35.2424,128.8622
하나은행,나운동,전북특별자치도 군산시 나운동   하나운로 32,전라북도,군산시,나운동,하나운로 32,35.96679,126.694791
하나은행,나주빛가람,전라남도 나주시 빛가람동   빛가람로 661,전라남도,나주시,빛가람동,빛가람로 661,35.02188,126.790193
하나은행,남악,전라남도 무안군 삼향읍   남악3로 50,전라남도,무안군,삼향읍,남악3로 50,34.8099707,126.4606714
하나은행,도로공사,경상북도 김천시 율곡동   혁신8로 77,경상북도,김천시,율곡동,혁신8로 77,36.121372,128.183747
하나은행,두산에너빌리티,경상남도 창원시 성산구 귀곡동   두산볼보로 22,경상남도,창원시,성산구,귀곡동 두산볼보로 22,35.198384,128.70294
하나은행,마산금융센터,경상남도 창원시 마산회원구 양덕동   삼호로 42,경상남도,창원시,마산회원구,양덕동 삼호로 42,35.220932,128.579706
하나은행,목포금융센터,전라남도 목포시 상동   백년대로 319,전라남도,목포시,상동,백년대로 319,34.813824,126.414172
하나은행,물금신도시,경상남도 양산시 물금읍   물금읍 증산역로 149,경상남도,양산시,물금읍,물금읍 증산역로 149,35.31046,128.98725
하나은행,서신동,전북특별자치도 전주시 완산구 서신동   유연로 287,전라북도,전주시,완산구,서신동 유연로 287,35.8122,127.119813
하나은행,순천금융센터,전라남도 순천시 연향동   연향중앙상가길 9,전라남도,순천시,연향동,연향중앙상가길 9,34.9403,127.5221
하나은행,순천신대,전라남도 순천시 신대리   해룡면 향매로 59,전라남도,순천시,신대리,해룡면 향매로 59,34.93366,127.5619
하나은행,신마산,경상남도 창원시 마산합포구 해운동   해안대로 2,경상남도,창원시,마산합포구,해운동 해안대로 2,35.196874,128.567863
하나은행,안동,경상북도 안동시 옥동   광명로 192,경상북도,안동시,옥동,광명로 192,36.561542,128.70175
하나은행,양산,경상남도 양산시 중부동   양산역로 85,경상남도,양산시,중부동,양산역로 85,35.339707,129.0306
하나은행,여수,전라남도 여수시 교동   통제영4길 3,전라남도,여수시,교동,통제영4길 3,34.739977,127.732418
하나은행,여천,전라남도 여수시 학동   망마로25,전라남도,여수시,학동,망마로25,34.7623,127.6625
하나은행,영주,경상북도 영주시 휴천동   대학로 13,경상북도,영주시,휴천동,대학로 13,36.820783,128.62639
하나은행,우방타운,경상북도 포항시 북구 용흥동   대안길 64,경상북도,포항시,북구,용흥동 대안길 64,36.043872,129.368534
하나은행,익산,전북특별자치도 익산시 영등동   무왕로 1073,전라북도,익산시,영등동,무왕로 1073,35.952341,126.972578
하나은행,익산공단,전북특별자치도 익산시 신흥동   선화로 418,전라북도,익산시,신흥동,선화로 418,35.9389,126.9879
하나은행,전주공단,전북특별자치도 완주군 봉동읍   완주산단5로 83,전라북도,완주군,봉동읍,완주산단5로 83,35.9441161,127.1262930
하나은행,전주금융센터,전북특별자치도 전주시 완산구 경원동1가   충경로 63,전라북도,전주시,완산구,경원동1가 충경로 63,35.8122,127.119813
하나은행,진주,경상남도 진주시 대안동   진양호로 537,경상남도,진주시,대안동,진양호로 537,35.1948,128.0839
하나은행,진주중앙,경상남도 진주시 동성동   진주대로 1036,경상남도,진주시,동성동,진주대로 1036,35.191551,128.0852
하나은행,창원,경상남도 창원시 성산구 상남동   중앙대로 38,경상남도,창원시,성산구,상남동 중앙대로 38,35.198384,128.70294
하나은행,창원중앙,경상남도 창원시 성산구 상남동   원이대로 646,경상남도,창원시,성산구,상남동 원이대로 646,35.198384,128.70294
하나은행,통영,경상남도 통영시 무전동   무전대로 58,경상남도,통영시,무전동,무전대로 58,34.858955,128.429039
하나은행,포항금융센터,경상북도 포항시 북구 죽도동   포스코대로 288,경상북도,포항시,북구,죽도동 포스코대로 288,36.043872,129.368534
하나은행,포항양덕,경상북도 포항시 북구 양덕동   천마로 74,경상북도,포항시,북구,양덕동 천마로 74,36.043872,129.368534
하나은행,포항중앙,경상북도 포항시 북구 죽도동   중앙로 236,경상북도,포항시,북구,죽도동 중앙로 236,36.043872,129.368534
하나은행,한전,전라남도 나주시 빛가람동   전력로 55,전라남도,나주시,빛가람동,전력로 55,35.02188,126.790193
하나은행,한전기술,경상북도 김천시 율곡동   혁신로 269,경상북도,김천시,율곡동,혁신로 269,36.121372,128.183747
하나은행,현대삼호중공업,전라남도 영암군 삼호읍   신항로 63-12,전라남도,영암군,삼호읍,신항로 63-12,34.7450733,126.3797022
하나은행,효자동,전북특별자치도 전주시 완산구 효자동1가   용머리로 34,전라북도,전주시,완산구,효자동1가 용머리로 34,35.8122,127.119813
한국산업은행,경산,경상북도 경산시 정평동   대학로 73,경상북도,경산시,정평동,대학로 73,35.835099,128.728125
한국산업은행,구미,경상북도 구미시 송정동   송정대로 107,경상북도,구미시,송정동,송정대로 107,36.118504,128.347242
한국산업은행,군산,전라북도 군산시 수송동   월명로 206,전라북도,군산시,수송동,월명로 206,35.964879,126.717553
한국산업은행,김해,경상남도 김해시 내동   경원로 75번길 15,경상남도,김해시,내동,경원로 75번길 15,35.2424,128.8622
한국산업은행,목포,전라남도 목포시 상동   백년대로 306,전라남도,목포시,상동,백년대로 306,34.813824,126.414172
한국산업은행,양산,경상남도 양산시 물금읍   증산역로 167,경상남도,양산시,물금읍,증산역로 167,35.3093632,129.0081636
한국산업은행,여수,전라남도 여수시 학동   시청로 30,전라남도,여수시,학동,시청로 30,34.7623,127.6625
한국산업은행,전주,전라북도 전주시 완산구 경원동1가   전라감영5길 18,전라북도,전주시,완산구,경원동1가 전라감영5길 18,35.8122,127.119813
한국산업은행,진주,경상남도 진주시 충무공동   에나로 142,경상남도,진주시,충무공동,에나로 142,35.1749,128.150337
한국산업은행,창원,경상남도 창원시 상남동   상남로 25,경상남도,창원시,상남동,상남로 25,35.2128,128.5746
한국산업은행,포항,경상북도 포항시 죽도동   중흥로 156,경상북도,포항시,죽도동,중흥로 156,36.031232,129.363192
한국씨티은행,창원,경상남도 창원시 마산회원구   3.15대로,경상남도,창원시,마산회원구,3.15대로,35.220932,128.579706
