Office_Name,Units_Num,County,City,Town,Address,Latitude,Longitude
영주시 농업기술센터 본소,149.0,경상북도,영주시,안정면,안심리 131,36.8477225,128.5592687
영주시 농업기술센터 남부분소,216.0,경상북도,영주시,문수면,만방리 918-2,36.773306,128.6553198
영주시 농업기술센터 북부분소,155.0,경상북도,영주시,단산면,옥대리 135-4,36.948227,128.6173638
계룡시농업기술센터,73.0,충청남도,계룡시,두마면,사계로 177,36.2621634,127.2762176
농업기계임대사업소 본소,270.0,충청남도,서산시,인지면,산동리 565-1,36.7196574,126.4130841
농업기계임대사업소 동부분소,221.0,충청남도,서산시,운산면,거성리 340-19,36.7581257,126.533168
합천군 북부권 농기계대여은행,210.0,경상남도,합천군,야로면,야로리 225-5,35.7091531,128.1726827
김포시농기계임대사업소,295.0,경기도,김포시,통진읍,수참리 373,37.6828135,126.6406451
양주시농기계대여은행,479.0,경기도,양주시,은현면,도하리 682,37.8410482,126.9985315
거제시농기계임대사업장,74.0,경상남도,거제시,거제면,서정리 976-13,34.8574547,128.5801944
밀양시농기계임대사업소,210.0,경상남도,밀양시,상남면,기산리 1052-1,35.4455984,128.7569785
연천군 농업기계 임대사업소(연천본소),160.0,경기도,연천군,연천읍,동막리 598-2,38.0842457,127.0786284
정읍시 농기계임대사업소 북부,217.0,전북특별자치도,정읍시,신태인읍,백산리 산 255-1,35.6958607,126.8957024
음성군 농업기술센터 농기계임대사업소 대소삼성지소,71.0,충청북도,음성군,대소면,오류리 414,36.9890334,127.4845354
양평군농업기술센터 본소,194.0,경기도,양평군,양평읍,공흥리 1-1,37.50995,127.5123236
구미농기계임대사업소 산동분소,105.0,경상북도,구미시,산동면,인덕리 520,36.1630827,128.4545735
강화군농기계은행 북부분점,140.0,인천광역시,강화군,송해면,하도리 1218,37.7664757,126.4516526
강화군농기계은행 남부분점,162.0,인천광역시,강화군,화도면,덕포리 853,37.6326121,126.455166
부여군농기계임대사업소(본소),248.0,충청남도,부여군,규암면,노화리 325-1,36.2592519,126.8434002
농기계임대사업소남부분소,162.0,충청남도,부여군,임천면,만사리 404-1,36.1675256,126.8928256
농기계임대사업소동부분소,109.0,충청남도,부여군,석성면,정각리 148-2,36.2649427,126.9824872
농기계임대사업소 서부분소,80.0,충청남도,부여군,홍산면,좌홍리 1024-4,36.2106556,126.7724612
화순군농업기계임대사업소 능주분소,185.0,전라남도,화순군,능주면,만수리 797-16,35.0220167,126.9505429
화순군농업기계임대사업소 동복분소,117.0,전라남도,화순군,동복면,천변리 5-1,35.0747993,127.1282878
(창원시)창원농기계임대사업소,50.0,경상남도,창원시,의창구,동읍 봉곡리 176-1,35.3529933,128.6642332
(창원시)마산농기계임대사업소,36.0,경상남도,창원시,마산합포구,진북면 지산리 262-10,35.1151129,128.4614398
(창원시)진해농기계임대사업소,12.0,경상남도,창원시,진해구,성내동 476-2,35.1121409,128.7533646
남부농기계임대사업소,172.0,경상남도,진주시,문산읍,두산리 777,35.1483306,128.1469518
중부농기계임대사업소,114.0,경상남도,진주시,집현면,신당리 95-1,35.2268731,128.1218899
동부농기계임대사업소,93.0,경상남도,진주시,진성면,천곡리 1151-6,35.1889306,128.2500982
농기계임대사업소,90.0,경상남도,사천시,용현면,신복리 500,35.0375789,128.06727
서부농기계임대사업소,30.0,경상남도,사천시,곤양면,송전리 99-6,35.0602188,127.9708214
김해시농기계임대사업소 본소,117.0,경상남도,김해시,전하동,900,35.2134186,128.8706742
당진시농업기술센터 본소,275.0,충청남도,당진시,구봉로,46,36.9138566,126.6496907
당진시농업기술센터 남부지소,236.0,충청남도,당진시,합덕읍,면천로 1580,36.8119002,126.761186
농업기계임대사업소 중부분소,198.0,충청남도,서산시,성연면,오사리 386-1,36.834667,126.439428
농업기계임대사업소 북부분소,180.0,충청남도,서산시,대산읍,대산리 91-24,36.9388029,126.4379262
괴산농기계임대사업소,120.0,충청북도,괴산군,괴산읍,서부리 708,36.8150241,127.7785735
감물농기계임대사업소,92.0,충청북도,괴산군,감물면,이담리 521,36.8640112,127.8658475
장연농기계임대사업소,92.0,충청북도,괴산군,장연면,송덕리 494-6,36.7815572,127.9247311
연풍농기계임대사업소,63.0,충청북도,괴산군,연풍면,행촌리 807,36.7667397,127.9899963
청천농기계임대사업소,142.0,충청북도,괴산군,청천면,도원리 202-12,36.6779762,127.7642426
사리농기계임대사업소,129.0,충청북도,괴산군,사리면,사담리 533,36.8189086,127.6493508
당진시농업기술센터 북부지소,225.0,충청남도,당진시,석문면,대호로 1479-2,37.007478,126.5309306
당진시농업기술센터 중부지소,88.0,충청남도,당진시,신평면,덕평로 1366-35,36.8747512,126.7557786
청주시 농기계 임대사업소,403.0,충청북도,청주시,상당구,남일면 효촌리 279,36.5879759,127.5060579
중부임대사업소,127.0,전북특별자치도,임실군,임실읍,두곡리 42-1,35.6297639,127.2901497
남부임대사업소,121.0,전북특별자치도,임실군,오수면,대명리 699-2,35.5403455,127.3227541
북부임대사업소,79.0,전북특별자치도,임실군,신덕면,수천리 894-3,35.6804887,127.1732164
서부임대사업소,73.0,전북특별자치도,임실군,강진면,갈담리 505,35.5283046,127.1603573
가평군농업기술센터 농기계임대사업소,288.0,경기도,가평군,가평읍,승안리 100번지,37.84605,127.4992211
고양시 농업기계 임대사업소,40.0,경기도,고양시,덕양구,원흥동 471-10번지,37.6495274,126.8698567
보령시 농업기계 임대사업소,115.0,충청남도,보령시,주포면,관산리 432,36.3971867,126.5721706
보령시 남부 농업기계 임대사업소,77.0,충청남도,보령시,웅천읍,대창리 349-5,36.2330808,126.5962802
남해군 농기계임대사업소,115.0,경상남도,남해군,이동면,다정리 953,34.817285,127.9216961
남해군 동남권 농기계임대사업소,58.0,경상남도,남해군,삼동면,금송리 706-10,34.8308432,128.012166
남해군 북부권 농기계임대사업소,72.0,경상남도,남해군,고현면,도마리 1891-1,34.8777049,127.8926177
태안군농업기술센터(남부지소),136.0,충청남도,태안군,안면읍,승언리 341-125,36.5109233,126.3495691
태안군농업기술센터(북부지소),126.0,충청남도,태안군,원북면,마산리 100-15,36.8347,126.2709221
태안군농업기술센터(중부지소),114.0,충청남도,태안군,근흥면,마금리 326,36.7518942,126.225741
합천군 중부권 농기계대여은행,424.0,경상남도,합천군,용주면,고품리 910-302,35.5514239,128.1119303
합천군 동부권 농기계대여은행,291.0,경상남도,합천군,적중면,부수리 403,35.5561077,128.2871434
합천군 남부권 농기계대여은행,226.0,경상남도,합천군,삼가면,하판리 1314-3,35.4156789,128.1059349
중부 농업기계임대사업소,110.0,경상남도,의령군,정곡면,백곡리 952,35.3441414,128.3610097
동부 농업기계임대사업소,146.0,경상남도,의령군,부림면,신반리 160-11,35.4638451,128.3216391
서부 농업기계임대사업소,63.0,경상남도,의령군,칠곡면,신포리 241,35.3314484,128.2000288
함안군농기계임대사업소(가야권),168.0,경상남도,함안군,가야읍,묘사리 910,35.2909761,128.3815139
함안군농기계임대사업소(삼칠권),135.0,경상남도,함안군,칠서면,회산리 34-3,35.3179246,128.4990138
함안군농기계임대사업소(중부권),46.0,경상남도,함안군,산인면,부봉리 469-1,35.3040035,128.4375869
창녕군 농기계임대사업소 본소,790.0,경상남도,창녕군,대지면,효정리 291,35.5522568,128.4779977
창녕군 농기계임대사업소 분소,346.0,경상남도,창녕군,도천면,일리 666,35.4364045,128.5143021
고성군 농기계임대사업소 본소,413.0,경상남도,고성군,고성읍,우산리 206-2,34.9969932,128.32643
고성군 농기계임대사업소 북부권역,119.0,경상남도,고성군,영오면,연당리 926,35.106096,128.2419634
고성군 농기계임대사업소 서부권역,109.0,경상남도,고성군,하일면,학림리 381,34.9384609,128.1978734
남해군 임대사업소(본소),67.0,경상남도,남해군,이동면,다정리 953,34.817285,127.9216961
남해군 동남권임대사업소,40.0,경상남도,남해군,삼동면,금송리 706-10,34.8308432,128.012166
남해군 북부권임대사업소,45.0,경상남도,남해군,고현면,도마리 1891-1,34.8777049,127.8926177
하동군 본점 임대사업소,255.0,경상남도,하동군,적량면,동산리 1830-1,35.0789712,127.769088
하동군 동부권 임대사업소,86.0,경상남도,하동군,북천면,직전리 556-10,35.1153053,127.8919371
하동군 남부권 임대사업소,101.0,경상남도,하동군,고전면,고하리 154-1,35.0233937,127.8372702
산청 농기계임대사업소,207.0,경상남도,산청군,산청읍,병정리 326-1,35.4024116,127.900764
단성 농기계임대사업소,111.0,경상남도,산청군,단성면,사월리 22,35.2924403,127.9582346
함양군농기계임대사업소(중부권),105.0,경상남도,함양군,함양읍,백천리 408-2,35.5258453,127.7791258
함양군농기계임대사업소(북부권),78.0,경상남도,함양군,안의면,교북리 37,35.634119,127.8151434
인제군농업기술센터 농업기계임대사업소 인제본소,217.0,강원도,인제군,인제읍,남북리 816,38.0594194,128.1661783
인제군농업기술센터 농업기계임대사업소 기린지소,154.0,강원도,인제군,기린면,현리 840-14,37.9454294,128.3124848
합천군 동부권 농기계대여은행,208.0,경상남도,합천군,적중면,부수리 403,35.5561077,128.2871434
합천군 남부권 농기계대여은행,163.0,경상남도,합천군,삼가면,하판리 1314-3,35.4156789,128.1059349
합천군 북부권 농기계대여은행,143.0,경상남도,합천군,야로면,야로리 225-5,35.7091531,128.1726827
농기계임대사업 본소,370.0,경상북도,울진군,매화면,매화리 1032-28,36.91773,129.3794977
농기계임대사업 남부지소,201.0,경상북도,울진군,평해읍,평해리 1315,36.7303563,129.4444325
농기계임대사업 서부지소,69.0,경상북도,울진군,금강송면,삼근리 529,36.9343792,129.2402089
농기계임대사업 북부지소,107.0,경상북도,울진군,북면,소곡리 126,37.0515349,129.3516373
농기계임대사업 온정지소,59.0,경상북도,울진군,온정면,소태리 419,36.7215238,129.3546309
영양군농업기술센터,327.0,경상북도,영양군,영양읍,대천리 569,36.6559416,129.1470893
북부농기계임대사업소,160.0,충청북도,진천군,이월면,내촌리 436,36.941784,127.433341
음성군 농업기술센터 농기계임대사업소 본소,98.0,충청북도,음성군,음성읍,용산리 258,36.9450387,127.6845425
음성군 농업기술센터 농기계임대사업소 서부지소,99.0,충청북도,음성군,금왕읍,도청리 474-33,36.9771001,127.540587
음성군 농업기술센터 농기계임대사업소 북부지소,94.0,충청북도,음성군,생극면,방축리 240-3,37.0620894,127.6051934
음성군 농업기술센터 농기계임대사업소 동부지소,78.0,충청북도,음성군,소이면,금고리 853,36.9144389,127.7577088
무안군농업기술센터농기계임대사업소-운남분소,89.0,전라남도,무안군,운남면,연리 403,34.960609,126.3410225
무안군농업기술센터농기계임대사업소-무안본소,173.0,전라남도,무안군,무안읍,성남리 582-1,34.9778799,126.4665232
김해시농기계임대사업소 한림분소,65.0,경상남도,김해시,한림면,장방리 1403,35.3362802,128.7935392
김해시농기계임대사업소 대동분소,165.0,경상남도,김해시,대동면,초정리 952-670,35.2353698,128.9936687
밀양시 농기계임대사업소,193.0,경상남도,밀양시,상남면,기산리 1052-3,35.4460541,128.7565852
거제시 농기계임대사업장,85.0,경상남도,거제시,거제면,서정리 976-13,34.8574547,128.5801944
양산시농기계임대사업소,151.0,경상남도,양산시,동면,석산리 392,35.3244546,129.0339939
의령 농업기계임대사업소,271.0,경상남도,의령군,의령읍,무전리 249-7,35.3233473,128.2813368
예산군 농기계임대사업장(서부농업지원팀),179.0,충청남도,예산군,봉산면,효교리 156-4,36.7309276,126.6916875
단성농기계임대사업소,115.0,경상남도,산청군,단성면,사월리 22,35.2924403,127.9582346
산청농기계임대사업소,204.0,경상남도,산청군,산청읍,병정리326-1,35.4024116,127.900764
중부농기계임대사업소,140.0,경상남도,진주시,집현면,신당리 95-1,35.2268731,128.1218899
남부농기계임대사업소,206.0,경상남도,진주시,문산읍,두산리 777,35.1483306,128.1469518
동부농기계임대사업소,91.0,경상남도,진주시,진성면,천곡리 1151-6,35.1889306,128.2500982
기장군농업기술센터,104.0,부산광역시,기장군,기장읍,만화리 333-28,35.2524707,129.1950685
스마트농업지원관,42.0,인천광역시,계양구,서운동,207-1,37.5338915,126.7448448
인천광역시농업기계교육관,36.0,인천광역시,중구,을왕동,488-5,37.4563063,126.3955621
동해시농업기술센터 망상지소,82.0,강원특별자치도,동해시,초구동,110,37.5764757,129.0877775
동해시농업기술센터 북평지소,57.0,강원특별자치도,동해시,이도동,657-4,37.4809808,129.1006806
김천시농기계임대사업소중부지점,81.0,경상북도,김천시,조마면,강곡리 12-1,36.0394561,128.115334
함양군농기계임대사업소(북부권),67.0,경상남도,함양군,안의면,교북리 37,35.634119,127.8151434
함양군농기계임대사업소(중부권),97.0,경상남도,함양군,함양읍,백천리 405-1,35.5254826,127.7798407
함양군농기계임대사업소(서부권),36.0,경상남도,함양군,백전면,경백리 507,35.5338268,127.6560572
함양군농기계임대사업소(남부권),42.0,경상남도,함양군,휴천면,남호리 372,35.4385006,127.7652733
태안군농업기술센터(본소),314.0,충청남도,태안군,태안읍,송암리 770-2,36.7327642,126.3048624
의성군농업기술센터(금성지소),108.0,경상북도,의성군,금성면,탑리리 990,36.2623819,128.6872589
의성군농업기술센터(안계지소),119.0,경상북도,의성군,안계면,시안리 367-2,36.3930332,128.431338
의성군농업기술센터(점곡지소),86.0,경상북도,의성군,점곡면,동변리 1075-1,36.4248794,128.7815662
의성군농업기술센터(다인지소),80.0,경상북도,의성군,다인면,도암리 971-1,36.4555739,128.3545307
경주시 농업기술센터 본소,262.0,경상북도,경주시,서악동,1153,35.8283145,129.1892698
경주시 농업기술센터 동부사업소,100.0,경상북도,경주시,양북면,어일리 430-17,35.7704957,129.4487275
경주시 농업기술센터 북부사업소,167.0,경상북도,경주시,안강읍,갑산리 927,35.971828,129.2352734
경주시 농업기술센터 남부사업소,101.0,경상북도,경주시,시동,998-81,35.7582555,129.2758602
농기계임대사업소 석정분소,93.0,광주광역시,남구,석정동,389-4,35.0831711,126.8090906
영동군농업기술센터(본소),267.0,충청북도,영동군,영동읍,부용리 610,36.1634199,127.7590147
영동군농업기술센터(남부지소),103.0,충청북도,영동군,매곡면,노천리 379-1,36.2159605,127.9269153
영동군농업기술센터(서부지소),99.0,충청북도,영동군,학산면,서산리 844-1,36.0992849,127.6854228
대청면 농기계임대사업소,43.0,인천광역시,옹진군,대청면,대청리 454-9,37.8355459,124.7077312
덕적면 농기계임대사업소,89.0,인천광역시,옹진군,덕적면,서포리 868,37.2391217,126.1004649
자월면 농기계임대사업소,33.0,인천광역시,옹진군,자월면,자월리 1065-12,37.2505898,126.3138534
자월면 농기계임대사업소 승봉분소,26.0,인천광역시,옹진군,자월면,승봉리 771-7,37.172184,126.2977924
영흥면 농기계임대사업소,88.0,인천광역시,옹진군,영흥면,외리 728-2,37.2531879,126.4603099
김천시농기계임대사업소서부지점,57.0,경상북도,김천시,봉산면,신리 205,36.1328584,128.0567537
김천시농기계임대사업소남부지점,62.0,경상북도,김천시,지례면,상부리 111,35.9887493,128.034471
김천시농기계임대사업소북부지점,75.0,경상북도,김천시,감문면,보광리 393,36.2135276,128.1803032
대소원임대사업소,137.0,충청북도,충주시,대소원면,영평리 479-69,36.9776213,127.8062747
용관동임대사업소,48.0,충청북도,충주시,용관동,305-1,36.9457771,127.883625
앙성면임대사업소,36.0,충청북도,충주시,앙성면,능암리 747-2,37.0863272,127.7998334
수안보임대사업소,34.0,충청북도,충주시,수안보면,중산리 479,36.882188,127.9840532
김천시농기계임대사업소본점,30.0,경상북도,김천시,구성면,하강리 56,36.0802404,128.1004081
김천시농기계임대사업소동부지점,65.0,경상북도,김천시,율곡동,6-1691,36.1302483,128.1781753
영월군 농업기술센터 농기계임대사업소(본소),459.0,강원특별자치도,영월군,북면,영월로 1315,37.2127154,128.4272805
영월군 농업기술센터 농기계임대사업소(서부분소),110.0,강원특별자치도,영월군,주천면,금용강변로 26-15,37.2504577,128.2944372
울산광역시농업기술센터,186.0,울산광역시,울주군,청량읍,문죽리 252,35.52391,129.2660512
무주군농기계임대사업장,312.0,전북특별자치도,무주군,무주읍,당산리 530,36.0033671,127.6715437
고령군농업기술센터,700.0,경상북도,고령군,대가야읍,내곡리 772,35.6955147,128.2820553
남원시 농기계임대사업(이백사업소),197.0,전북특별자치도,남원시,이백면,서곡리 429,35.4253533,127.4406188
남원시 농기계임대사업(인월사업소),195.0,전북특별자치도,남원시,인월면,서무리 1055-4,35.4617915,127.5933478
남원시 농기계임대사업(금지사업소),179.0,전북특별자치도,남원시,금지면,창산리 72-2,35.3459582,127.3033781
남원시 농기계임대사업(사매사업소),162.0,전북특별자치도,남원시,사매면,오신리 818-1,35.4947962,127.3577852
영광군농기계임대사업소 본소,384.0,전라남도,영광군,군서면,만곡리 95-60,35.2865592,126.4730263
영광군농기계임대사업소 북부분소,143.0,전라남도,영광군,홍농읍,상하리 1185-5,35.3824794,126.4434624
포천시 농기계임대사업소(본소),213.0,경기도,포천시,신북면,기지리 647-1,37.9233175,127.2257819
영북분소,70.0,경기도,포천시,영북면,자일리 845-6,38.0998868,127.2769921
농기계임대사업소 용곡분소,173.0,광주광역시,광산구,용곡동,32-6,35.1264689,126.7421884
농기계임대사업소 용강분소,111.0,광주광역시,북구,용강동,332-1,35.252061,126.905215
정선군농업기계임대사업소 임계분소,132.0,강원특별자치도,정선군,임계면,송계리 955,37.4962996,128.8537958
정선군농업기계임대사업소 신동분소,95.0,강원특별자치도,정선군,신동읍,예미리 319-2,37.2273743,128.6505557
정선군농업기계임대사업소 화암분소,64.0,강원특별자치도,정선군,화암면,화암리 401-1,37.3423829,128.7897777
삼척시농업기술센터 근덕본소,140.0,강원특별자치도,삼척시,근덕면,교가리 424-85,37.3841036,129.229637
삼척시농업기술센터 남부지소,138.0,강원특별자치도,삼척시,원덕읍,산양리 777-3,37.1406101,129.2854863
삼척시농업기술센터 서부지소,166.0,강원특별자치도,삼척시,미로면,하거노리 434,37.4115682,129.1072564
삼척시농업기술센터 하장지소,86.0,강원특별자치도,삼척시,하장면,장전리 84-24,37.3550422,128.9259357
고성군 농기계임대사업소 본소,417.0,경상남도,고성군,고성읍,남해안대로 2829-60,34.9959947,128.3257882
고성군 농기계임대사업소 북부권역,119.0,경상남도,고성군,영오면,옥천로 1447,35.1062112,128.2417474
고성군 농기계임대사업소 서부권역,109.0,경상남도,고성군,하일면,자란만로 1700,34.9385429,128.1980111
북부농기계임대사업소,343.0,경상남도,창녕군,대지면,효정리 291,35.5522568,128.4779977
남부농기계임대사업소,319.0,경상남도,창녕군,도천면,일리 666,35.4364045,128.5143021
농업기계임대사업소 금마분소,103.0,전북특별자치도,익산시,금마면,동고도리 952-17,35.9842164,127.0560682
농업기계임대사업소 함열본소,193.0,전북특별자치도,익산시,함열읍,다송리 721-36,36.0404333,126.9583379
충주시 농업기술센터(본소),126.0,충청북도,충주시,대전리,1667,37.0458043,127.9293174
논산시농업기술센터,445.0,충청남도,논산시,부적면,덕평리 40-8,36.213818,127.142159
농기계임대사업장,369.0,충청북도,진천군,진천읍,삼덕리 1519,36.8627495,127.4635322
구미농기계임대사업소,304.0,경상북도,구미시,선산읍,이문리 857,36.2328317,128.2889928
북부임대사업소,116.0,경상북도,포항시,북구,흥해읍 매산리 16-1번지,36.113466,129.3050403
서부임대사업소,73.0,경상북도,포항시,북구,기계면 인비리 784번지,36.0841358,129.1568775
동부임대사업소,44.0,경상북도,포항시,남구,호미곶면 해맞이로167번길 7,36.0767709,129.5622466
순천시농업기술센터 북부 농기계임대사업소,92.0,전라남도,순천시,승주읍,유흥리 104,35.0307153,127.3484796
순천시농업기술센터 남부 농기계임대사업소,95.0,전라남도,순천시,덕월동,377,34.9303843,127.491419
순천시농업기술센터 서부 농기계임대사업소,61.0,전라남도,순천시,외서면,화전리 98,34.9084763,127.2801521
정선군농업기계임대사업소,178.0,강원특별자치도,정선군,북평면,남평리 412-1,37.430187,128.664854
농기계임대사업소 본소,159.0,충청북도,단양군,단양읍,별곡리 310,36.9853224,128.3669716
농기계임대사업소 북부지소,160.0,충청북도,단양군,가곡면,향산리 552,37.0607938,128.420399
농기계임대사업소 남부지소,91.0,충청북도,단양군,단성면,중방리 414,36.9372486,128.3143508
농기계임대사업소 중부지소,91.0,충청북도,단양군,매포읍,우덕리 893,37.0149724,128.3026911
농기계임대사업소 북부분소,205.0,전북특별자치도,김제시,공덕면,황산리 1502-1,35.8755324,126.9378687
북도면 농기계임대사업소,78.0,인천광역시,옹진군,북도면,시도리 277-7,37.5337685,126.4303352
북도면 농기계임대사업소 장봉분소,56.0,인천광역시,옹진군,북도면,장봉리 546-3,37.5441829,126.3335429
연평면 농기계임대사업소,38.0,인천광역시,옹진군,연평면,연평리 493-5,37.6590196,125.6978294
백령면 농기계임대사업소,174.0,인천광역시,옹진군,백령면,남포리 1774-7,37.9454513,124.6741182
북부분소,132.0,경상북도,상주시,이안면,양범리 87-3,36.5820267,128.1423261
화령분소,134.0,경상북도,상주시,화서면,달천리 23,36.4426154,127.9420269
영덕군농업기술센터 농기계임대사업소 본소,78.0,경상북도,영덕군,영덕읍,구미리 70,36.4352029,129.3575566
영덕군농업기술센터 농기계임대사업소 북부분소,75.0,경상북도,영덕군,영해면,벌영리 563-2,36.5424895,129.3961376
구례군농업기계임대사업소본소,179.0,전라남도,구례군,구례읍,봉서리 895-2,35.1958259,127.4600671
구례군농업기계임대사업소분소,51.0,전라남도,구례군,용방면,용강리 424-15,35.2402,127.4418376
증평군 농업기술센터,241.0,충청북도,증평군,증평읍,사곡리 316,36.7816409,127.6121967
대구광역시농기계임대사업소,92.0,대구광역시,동구,지저동,886-43,35.9078774,128.6467893
농기계임대사업소 본소,97.0,경상북도,청도군,청도읍,원정리 777-2,35.6478058,128.7638158
농기계임대사업소 산서분소,124.0,경상북도,청도군,풍각면,송서리 300,35.6401914,128.628472
공주시농업기계임대사업소(본소),279.0,충청남도,공주시,우성면,도천리 1-2,36.493254,127.0991888
고흥군농업기계임대사업소,123.0,전라남도,고흥군,풍양면,율치리 1506,34.5661638,127.2583264
농기계임대사업소 서부분소,221.0,전북특별자치도,김제시,만경읍,만경리 508-1,35.8509537,126.8150207
농업기계임대사업소,42.0,부산광역시,강서구,대저1동,2426-2,35.2131278,128.9865047
농기계임대사업소(봉성),256.0,경상북도,봉화군,봉성면,다덕로 374-47,36.9055325,128.7766823
강릉시농업기술센터 농업기계임대사업소 본소,279.0,강원도,강릉시,사천면,미노리 440-1,37.818327,128.8540643
강릉시농업기술센터 농업기계임대사업소 남부지소,125.0,강원도,강릉시,유산동,286-3,37.7334733,128.9135213
강릉시농업기술센터 농업기계임대사업소 서부지소,121.0,강원도,강릉시,성산면,금산리 1044,37.7386358,128.8543189
여주시농업기술센터 농기계임대은행,321.0,경기도,여주시,상거동,5-5,37.2538989,127.6375308
이천시 농기계임대사업소,165.0,경기도,이천시,모가면,어농리 615-7,37.1753553,127.4398688
이천시 농기계임대사업소(남부분소),104.0,경기도,이천시,장호원읍,진암리 328-5,37.1207249,127.6114043
문경시 농업기계임대사업소 본점,154.0,경상북도,문경시,흥덕동,729-69,36.614167,128.2086985
문경시 농업기계임대사업소 서부지점,109.0,경상북도,문경시,마성면,외어리 750,36.6951393,128.1288656
문경시 농업기계임대사업소 동부지점,106.0,경상북도,문경시,산북면,대상리 256,36.6488423,128.2528614
남부임대사업소,94.0,경상북도,포항시,남구,오천읍 문덕리 51-6번지,35.9617607,129.4139146
용인시 농업기술센터 농업기계임대사업소,148.0,경기도,용인시,처인구,원삼면 사암리 858-1,37.1729071,127.2990036
농업기술센터,80.0,경상남도,사천시,용현면,진삼로 902,35.0375261,128.0672989
양양군농업기술센터 본소,101.0,강원특별자치도,양양군,손양면,송현리 662-3,38.0678385,128.6426728
양양군농업기술센터 남부지소,58.0,강원특별자치도,양양군,현남면,두리 159-2,37.9755769,128.7467806
양양군농업기술센터 북부지소,38.0,강원특별자치도,양양군,강현면,정암리 561-1,38.1481843,128.5976769
해남군농업기술센터 본소농기계임대사업소,152.0,전라남도,해남군,해남읍,용정리 305-1,34.562744,126.585959
해남군농업기술센터 동부농기계임대사업소,80.0,전라남도,해남군,옥천면,신계리 791-1,34.6092461,126.6307287
상서농기계임대사업소(본소),313.0,전북특별자치도,부안군,상서면,통정리 380-3,35.7100991,126.6597006
남부권 농기계임대사업소,220.0,전북특별자치도,부안군,보안면,영전리 390-4,35.6122536,126.6716253
동부권 농기계임대사업소,271.0,전북특별자치도,부안군,동진면,하장리 1096,35.7278987,126.7762138
농업기계 임대사업장,339.0,경상북도,칠곡군,약목면,동안리 831,36.0397948,128.3821472
농기계임대사업 본소,145.0,강원특별자치도,고성군,간성읍,신안리 390,38.3859113,128.4739975
농기계임대사업 남부지소,154.0,강원특별자치도,고성군,토성면,천금길 144,38.2715101,128.5469982
농기계임대사업 북부지소,144.0,강원특별자치도,고성군,현내면,화진포서길 146,38.4726665,128.4222597
동부권,80.0,경상남도,하동군,북천면,직전리 556-10,35.1153053,127.8919371
남부권,92.0,경상남도,하동군,고전면,고하리 154-1,35.0233937,127.8372702
상주시농업기술센터 본소,440.0,경상북도,상주시,초산동,720-1,36.4539632,128.167667
동부분소,151.0,경상북도,상주시,낙동면,신상리 466,36.4047525,128.2381381
서부분소,99.0,경상북도,상주시,모서면,삼포리 350-2,36.33815,127.9627462
남부분소,100.0,경상북도,상주시,공성면,평천리 631,36.2903642,128.0996031
농업기계 임대사업소 옥천분소,134.0,충청북도,옥천군,옥천읍,매화리 236-5,36.2996969,127.5958208
농업기계 임대사업소 청산분소,124.0,충청북도,옥천군,청산면,지전리 343,36.3448865,127.7859875
농업기계 임대사업소 안남분소,81.0,충청북도,옥천군,안남면,화학리 630-1,36.3775421,127.6682455
아산시농업기술센터 농업기계임대사업소,467.0,충청남도,아산시,염치읍,염성리 186-1,36.8157789,126.9779957
농기계임대사업소,459.0,경상북도,예천군,예천읍,생천리 721-25,36.6767636,128.4626437
남부농기계임대사업소,111.0,경상북도,예천군,풍양면,낙상리 205,36.5097086,128.3026778
의성군농업기술센터(본소),105.0,경상북도,의성군,봉양면,분토리 928,36.3226906,128.6457361
정읍시 농기계임대사업소 동부,98.0,전북특별자치도,정읍시,옹동면,비봉리 1667-7,35.6170794,126.9861358
동송임대사업소(본소),213.0,강원도,철원군,동송읍,장흥리 846,38.2030349,127.250895
김화임대사업소(분소),272.0,강원도,철원군,서면,와수리 580-1,38.2463615,127.4294425
갈말임대사업소(분소),191.0,강원도,철원군,문혜리,623-3,38.1864279,127.323757
북부농기임대사업소(분소),121.0,강원도,철원군,동송읍,대위리 520,38.2454792,127.2360472
동부농기계임대사업소,55.0,전북특별자치도,완주군,소양면,명덕리 361-1,35.8673494,127.2124995
서부농기계임대사업소,167.0,전북특별자치도,완주군,삼례읍,신금리 937-2,35.9181431,127.0954471
남부농기계임대사업소,77.0,전북특별자치도,완주군,구이면,원기리 583-1,35.7315453,127.1193032
농기계임대사업소(춘양),69.0,경상북도,봉화군,춘양면,춘양로 214,36.9405118,128.9189209
농기계임대사업소(명호),79.0,경상북도,봉화군,명호면,봉명로 1369,36.8625314,128.8846654
신북읍사무소,4.0,강원특별자치도,춘천시,신북읍,율문리 293-1,37.9257263,127.7461556
동면사무소,16.0,강원특별자치도,춘천시,동면,지내리 209-15,37.9103517,127.7812451
동산면사무소,35.0,강원특별자치도,춘천시,동산면,조양리 363-4,37.7522053,127.7963489
동내면사무소,17.0,강원특별자치도,춘천시,동내면,신촌리 583-1,37.8479057,127.7609384
남면사무소,31.0,강원특별자치도,춘천시,남면,발산리 693,37.7319425,127.5996343
나주시농기계임대사업소,953.0,전라남도,나주시,동수동,144-21,34.9780536,126.6823461
공주시농업기계임대사업소(북부지소),106.0,충청남도,공주시,신풍면,산정리 336-1,36.5186851,126.9548126
공주시농업기계임대사업소(남부지소),159.0,충청남도,공주시,이인면,반송리 421-12,36.3519826,127.0962098
경상북도 경산시 농정유통과 농기계팀 농기계임대사업소 본소(자인면),189.0,경상북도,경산시,자인면,북사리 514-2,35.8171444,128.8126956
경상북도 경산시 농정유통과 농기계팀 농기계임대사업소 지소(자인면),82.0,경상북도,경산시,하양읍,한사리 1160,35.925789,128.8332783
농기계임대사업소,199.0,충청남도,서천군,마서면,계동리 88-10,36.062287,126.7065083
세종시농기계임대사업소,486.0,세종특별자치시,연서면,쌍전리,667,36.5731797,127.2820778
무안군농업기술센터농기계임대사업소-일로분소,89.0,전라남도,무안군,일로읍,용산리 1363,34.8523422,126.5073418
무안군농업기술센터농기계임대사업소-해제분소,98.0,전라남도,무안군,해제면,신정리 124-1,35.1112494,126.2910857
함양군농기계임대사업소(남부권),54.0,경상남도,함양군,휴천면,남호리 372,35.4385006,127.7652733
함양군농기계임대사업소(서부권),50.0,경상남도,함양군,백전면,경백리 507,35.5338268,127.6560572
거창군농기계임대사업소(본소),316.0,경상남도,거창군,거창읍,대평리 1359-19,35.6780195,127.9227599
북부권역 농기계임대사업소,122.0,경상남도,거창군,주상면,도평리 461-3,35.7569972,127.916821
수승대권역 농기계임대사업소,116.0,경상남도,거창군,위천면,장기리 269-9,35.751459,127.8351681
동부권역 농기계임대사업소,147.0,경상남도,거창군,가조면,장기리 1569,35.715681,128.0001829
남부권역 농기계임대사업소,96.0,경상남도,거창군,신원면,과정리 967,35.56295,127.9255051
농기계임대사업소(본소),83.0,경상북도,성주군,대가면,옥성리 197,35.9151668,128.2525888
농기계임대사업소(서부분소),72.0,경상북도,성주군,수륜면,수성리 184,35.8681779,128.1830718
장성군농업기술센터농기계임대사업소,163.0,전라남도,장성군,장성읍,유탕리 1391-1,35.3208474,126.8028137
장성군농업기술센터농기계임대사업소 서부분소,126.0,전라남도,장성군,삼계면,사창리 427-1,35.2569569,126.659513
장성군농업기술센터농기계임대사업소 북부분소,95.0,전라남도,장성군,북이면,사거리 787-32,35.4306373,126.8056097
파주시 농업기술센터 본소,142.0,경기도,파주시,월롱면,영태리 379-2,37.76509,126.7961972
파주시 농업기술센터 북부지소,189.0,경기도,파주시,파평면,덕천리 479-2,37.9353693,126.8654616
본소농기계임대사업소,276.0,전북특별자치도,완주군,고산면,삼기리 945-70,35.984128,127.2202927
영광군농기계임대사업소 남부분소,214.0,전라남도,영광군,군남면,설매리 1434-1,35.2401121,126.4301637
제주농업기술센터,85.0,제주특별자치도,제주시,애월읍,상귀길 173,33.4581346,126.403875
서귀포농업기술센터,21.0,제주특별자치도,서귀포시,남원읍,중산간동로 7413,33.2883077,126.6072409
동부농업기술센터,133.0,제주특별자치도,제주시,구좌읍,충렬로 166,33.510945,126.842683
동부농업기술센터 분소,63.0,제주특별자치도,서귀포시,표선면,서성일로 138,33.4007399,126.808955
서부농업기술센터,75.0,제주특별자치도,제주시,한림읍,월림7길 90,33.3534662,126.2476976
청양군농업기술센터농기계임대사업소,279.0,충청남도,청양군,청양읍,정좌리 455,36.42323,126.779393
청양군농업기술센터농기계임대사업소(동부지소),278.0,충청남도,청양군,정산면,서정리 221,36.4083502,126.9463975
강진군 농기계임대사업소 본소,145.0,전라남도,강진군,군동면,호계리 420,34.6442875,126.7897563
농기계임대사업소 칠량분점,78.0,전라남도,강진군,칠량면,장계리 463-2,34.5512028,126.8051451
농기계임대사업소 도암분점,92.0,전라남도,강진군,도암면,항촌리 431-1,34.5489671,126.7281835
농기계임대사업소 작천분점,98.0,전라남도,강진군,작천면,군자리 197-5,34.7093943,126.7669974
남산면사무소,24.0,강원특별자치도,춘천시,남산면,창촌리 67-3,37.7917582,127.6461783
평창군농기계임대센터 평창본소,524.0,강원특별자치도,평창군,평창읍,여만리 357-6,37.3779668,128.3957725
평창군농기계임대센터 용평분소,287.0,강원특별자치도,평창군,용평면,백옥포리 181-5,37.5864291,128.4064334
평창군농기계임대센터 진부분소,208.0,강원특별자치도,평창군,진부면,하진부리 351,37.6297687,128.5543916
평창군농기계임대센터 대관령분소,96.0,강원특별자치도,평창군,대관령면,용산리 1-74,37.6805114,128.6697583
농기계임대사업소,207.0,전라남도,영암군,덕진면,장선리 676-6,34.8266424,126.672309
농기계임대서부사업소,129.0,전라남도,영암군,삼호읍,망산리 878,34.7242862,126.5121406
농기계임대북부사업소,99.0,전라남도,영암군,시종면,만수리 750-1,34.8754561,126.6131145
서면사무소,41.0,강원특별자치도,춘천시,서면,금산리 925-2,37.8983594,127.6929401
사북면사무소,39.0,강원특별자치도,춘천시,사북면,신포리 413-3,38.0298993,127.6405351
북산면사무소,14.0,강원특별자치도,춘천시,북산면,오항리 398,37.9873251,127.8861903
농업기술센터,204.0,강원특별자치도,춘천시,신북읍,산천리 342-2,37.9492757,127.751008
양산시농기계임대사업소,136.0,경상남도,양산시,동면,석산리 392,35.3244546,129.0339939
경기도 광주시 농업기술센터,109.0,경기도,광주시,목현동,42-1번지,37.4320645,127.2343503
금산군농업기술센터 농기계임대사업소,247.0,충청남도,금산군,금성면,의총길 25,36.1259404,127.4960625
예산군 농기계임대사업장(농기계팀),311.0,충청남도,예산군,신암면,종경리 281-22,36.7425232,126.8137923
예산군 농기계임대사업장(동부농업지원팀),179.0,충청남도,예산군,신양면,녹문리 370-1,36.6057131,126.8546887
대전광역시농업기술센터,49.0,대전광역시,유성구,교촌동,568,36.3089478,127.3069404
농기계임대사업소(동부분소),50.0,경상북도,성주군,초전면,대장리 764,35.972521,128.2606619
완도군농업기계 임대사업장,93.0,전라남도,완도군,완도읍,청해진로 1263-82,34.3697896,126.7287206
농기계임대사업(본점),61.0,전라남도,함평군,학교면,월산리 1544-2,35.0530738,126.5409174
농기계임대사업(동부점),57.0,전라남도,함평군,해보면,문장리 647,35.184426,126.6065247
농기계임대사업(서부점),55.0,전라남도,함평군,손불면,대전리 190-3,35.1414982,126.4340879
횡성군농기계임대사업소 서부지소,68.0,강원특별자치도,횡성군,서원면,압곡리 271,37.4892392,127.8813574
횡성군농기계임대사업소 동부지소,121.0,강원특별자치도,횡성군,둔내면,자포곡리 463-75,37.5070912,128.2125882
횡성군농기계임대사업소,333.0,강원특별자치도,횡성군,공근면,학담리 786,37.5275191,127.9611328
홍성군 농업기술센터,363.0,충청남도,홍성군,홍성읍,옥암리 420-4,36.5922466,126.6449061
달성군농업기술센터,464.0,대구광역시,달성군,옥포읍,교항리 2521-7,35.7825059,128.4465828
안동시농업기술센터 농기계 임대사업소 (서부분소),192.0,경상북도,안동시,풍산읍,안교리 539-5,36.5809168,128.5611296
안동시농업기술센터 농기계 임대사업소 (북부분소),210.0,경상북도,안동시,와룡면,가야리 990,36.6536203,128.7703324
보성군농기계 임대사업소 남부지소,83.0,전라남도,보성군,조성면,우천리 169-1,34.8034048,127.2306445
정읍시 농기계임대사업소 본소,304.0,전북특별자치도,정읍시,정우면,우산리 661,35.6221089,126.8954112
마산 농기계임대사업소,39.0,경상남도,창원시,마산합포구,진북면 지산리 262-10,35.1151129,128.4614398
창원 농기계임대사업소,86.0,경상남도,창원시,의창구,동읍 봉곡리 176-1,35.3529933,128.6642332
진해 농기계임대사업소,12.0,경상남도,창원시,진해구,성내동 476-2,35.1121409,128.7533646
농기계임대사업소 본소,487.0,전북특별자치도,김제시,동서로,46,35.7927951,126.8775677
농기계임대사업소 동부분소,250.0,전북특별자치도,김제시,봉남면,대송리 708-2,35.7611801,126.96718
농기계임대사업소 산동분소,103.0,경상북도,청도군,금천면,동곡리 1076,35.6850651,128.8958142
농업기술센터,266.0,경상남도,거창군,거창읍,대평리 1359-19,35.6780195,127.9227599
북부권역 농기계임대사업소,113.0,경상남도,거창군,주상면,도평리 462-1,35.7566996,127.9168021
수승대권역 농기계임대사업소,121.0,경상남도,거창군,위천면,장기리 269-9,35.751459,127.8351681
동부권역 농기계임대사업소,125.0,경상남도,거창군,가조면,장기리 1569,35.715681,128.0001829
남부권역 농기계임대사업소,97.0,경상남도,거창군,신원면,과정리 967,35.56295,127.9255051
강화군농기계은행 본점,223.0,인천광역시,강화군,불은면,삼성리 1027-42,37.7036081,126.4353955
강화군농기계은행 교동분점,102.0,인천광역시,강화군,교동면,상용리 876-9,37.7758097,126.3054611
강화군농기계은행 삼산분점,81.0,인천광역시,강화군,삼산면,석모리 525-1,37.704881,126.3220727
홍천군 농업기술센터 본소,288.0,강원특별자치도,홍천군,홍천읍,홍천로 677,37.7091737,127.9105222
홍천군 농업기술센터 남부지소,113.0,강원특별자치도,홍천군,남면,시동로 50,37.6111548,127.7709277
홍천군 농업기술센터 동부지소,218.0,강원특별자치도,홍천군,서석면,구룡령로 2429,37.7184347,128.1774035
홍천군 농업기술센터 서부지소,109.0,강원특별자치도,홍천군,서면,감물악길 72,37.6962756,127.6647377
홍천군 농업기술센터 내면지소,94.0,강원특별자치도,홍천군,내면,구룡령로 5100,37.7600297,128.3853989
홍천군 농업기술센터 철정지소,111.0,강원특별자치도,홍천군,두촌면,북창길 24,37.8032451,127.9918924
장수 농기계 임대사업장,135.0,전북특별자치도,장수군,장수읍,개정리 621,35.6184733,127.5105921
연천군 농업기계 임대사업소(서부지소),142.0,경기도,연천군,미산면,아미리 763-8,38.0373173,126.9415849
천안시농업기술센터동남구임대사업장,287.0,충청남도,천안시,동남구,성남면 신사리 559-20,36.7451131,127.2249419
천안시농업기술센터서북구임대사업장,207.0,충청남도,천안시,서북구,성거읍 오목리 산 35-1,36.8982369,127.2081297
곡성군 농업기술센터 농기계 임대사업소,60.0,전라남도,곡성군,곡성읍,학정3길9,35.2834167,127.2886157
남양주시농업기계은행,152.0,경기도,남양주시,진건읍,사능리 92-1번지,37.6484558,127.1960039
화성시농기계임대사업소,416.0,경기도,화성시,팔탄면,매곡리 172-9번지,37.1143853,126.8796127
태백시 농기계임대사업소,97.0,강원특별자치도,태백시,황지동,288-5,37.2057373,128.9857133
진도군농기계임대사업소(본점),212.0,전라남도,진도군,군내면,가흥로 691,34.5117884,126.2964392
진도군농기계임대사업소(서부),231.0,전라남도,진도군,임회면,광석길 35,34.4268755,126.2316299
진도군농기계임대사업소(조도),63.0,전라남도,진도군,조도면,조도대로 512,34.3008381,126.0485281
안동시농업기술센터 농기계 임대사업소,241.0,경상북도,안동시,송천동,1319-68,36.5379834,128.8012423
횡성군농기계임대사업소 북부지소,76.0,강원특별자치도,횡성군,갑천면,매일리 627-7,37.5608445,128.1101399
횡성군농기계임대사업소 남부지소,85.0,강원특별자치도,횡성군,안흥면,안흥리 1088-1,37.4048006,128.1507399
해남군농업기술센터 서부농기계임대사업소,89.0,전라남도,해남군,문내면,용암리 889,34.6027425,126.3280944
해남군농업기술센터 남부농기계임대사업소,96.0,전라남도,해남군,현산면,월송리 207,34.4118998,126.5834799
해남군농업기술센터 북부농기계임대사업소,98.0,전라남도,해남군,산이면,금송리 847-2,34.6210836,126.4859247
함안군농업기술센터 가야권 농기계임대사업소,183.0,경상남도,함안군,가야읍,묘사리 910,35.2909761,128.3815139
함안군농업기술센터 삼칠권 농기계임대사업소,289.0,경상남도,함안군,칠서면,회산리 34-3,35.3179246,128.4990138
함안군농업기술센터 중부권 농기계임대사업소,48.0,경상남도,함안군,산인면,부봉리 469-1,35.3040035,128.4375869
장흥군농업기계임대사업소,224.0,전라남도,장흥군,장흥읍,행원리 982-5,34.6918915,126.9012472
남부농업기계임대사업소,117.0,전라남도,장흥군,관산읍,외동리 35,34.5298351,126.9534275
북부농업기계임대사업소,89.0,전라남도,장흥군,장동면,조양리 873-1,34.7668623,126.9777595
제천시 농업기술센터,378.0,충청북도,제천시,봉양읍,미당리 211-11,37.161911,128.1766998
농업기술센터,131.0,전라남도,신안군,압해읍,동서리 520,34.8607891,126.2988262
지도읍농기계임대센터,115.0,전라남도,신안군,지도읍,광정리 1040,35.0680257,126.2126371
증도면농기계임대센터,91.0,전라남도,신안군,증도면,증동리 1971-2,34.999175,126.1386997
임자면농기계임대센터,114.0,전라남도,신안군,임자면,진리 431-35,35.0846363,126.1095505
정읍시 농기계임대사업소 서남권,163.0,전북특별자치도,정읍시,소성면,보화리 455-2,35.5541666,126.7729585
군위군 농업기술센터,270.0,대구광역시,군위군,효령면,성리 111-2,36.181335,128.5923887
자은면농기계임대센터,125.0,전라남도,신안군,자은면,구영리 378-1,34.8833856,126.0477399
비금면농기계임대센터,112.0,전라남도,신안군,비금면,덕산리 145-43,34.7502967,125.9302544
도초면농기계임대센터,88.0,전라남도,신안군,도초면,수항리324-2,34.7025506,125.954845
하의면농기계임대센터,71.0,전라남도,신안군,하의면,웅곡리 250-2,34.6059227,126.0354316
신의면농기계임대센터,69.0,전라남도,신안군,신의면,상태동리 602-1,34.5899061,126.0952242
장산면농기계임대센터,96.0,전라남도,신안군,장산면,대리 99-1,34.6378798,126.1459707
안좌면농기계임대센터,115.0,전라남도,신안군,안좌면,대척리 685-1,34.7414078,126.1315797
팔금면농기계임대센터,73.0,전라남도,신안군,팔금면,읍리 417-1,34.7845923,126.1413963
암태면농기계임대센터,83.0,전라남도,신안군,암태면,단고리 968-4,34.8262248,126.1119426
본소,243.0,전북특별자치도,군산시,개정면,운회리 633-7,35.9610676,126.7814972
동부,151.0,전북특별자치도,군산시,임피면,읍내리 204-2,35.981701,126.8497147
서부,123.0,전북특별자치도,군산시,옥서면,옥봉리 1316-3,35.9232515,126.6433656
광양시 농업기계임대사업장 본소,404.0,전라남도,광양시,봉강면,지곡리 862-36,34.9875648,127.5766311
광양시 농업기계임대사업장 분소,81.0,전라남도,광양시,진상면,지원리 1528-1,35.0166648,127.7243384
영천시농기계임대사업소,525.0,경상북도,영천시,청통면,호당리 436,35.9933587,128.8889219
농업기술센터,269.0,전라남도,담양군,담양읍,천변리 396-2,35.3120145,126.9741852
남부지소,116.0,전라남도,담양군,창평면,삼천리 192-3,35.2332889,127.0237645
고창군 본소 농기계임대사업소,113.0,전북특별자치도,고창군,고창읍,읍내리 515-1,35.4284611,126.6985672
고창군 서부권 농기계임대사업소,116.0,전북특별자치도,고창군,해리면,하련리 104-4,35.4578684,126.539787
고창군 남부권 농기계임대사업소,107.0,전북특별자치도,고창군,대산면,성남리 635-1,35.3752716,126.5985324
고창군 북부권 농기계임대사업소,89.0,전북특별자치도,고창군,흥덕면,동사리 167-1,35.5233226,126.7084126
수원시 농업기술센터 농기계 임대사업소,28.0,경기도,수원시,권선구,오목천동 40,37.2500367,126.96332
의령농기계임대사업소,258.0,경상남도,의령군,의령읍,무전리 249-7,35.3233473,128.2813368
중부농기계임대사업소,112.0,경상남도,의령군,정곡면,백곡리 952,35.3441414,128.3610097
동부농기계임대사업소,128.0,경상남도,의령군,부림면,신반리 160-11,35.4638451,128.3216391
합천군 중부권 농기계대여은행,305.0,경상남도,합천군,용주면,고품리 910-302,35.5514239,128.1119303
원주시농업기계 임대사업소,127.0,강원특별자치도,원주시,흥업면,흥업리 1572-5,37.296313,127.9158325
원주시농업기계 임대사업소 동부분소,99.0,강원특별자치도,원주시,소초면,평장리 808,37.4182575,128.0046351
원주시농업기계 임대사업소 서부분소,113.0,강원특별자치도,원주시,문막읍,건등리 1718,37.3125062,127.8173323
원주시농업기계 임대사업소 남부분소,66.0,강원특별자치도,원주시,신림면,신림리 526,37.2312944,128.079913
보성군농기계 임대사업소 본점,95.0,전라남도,보성군,보성읍,옥평리 781,34.7624283,127.0913709
보성군농기계 임대사업소 벌교지소,87.0,전라남도,보성군,벌교읍,고읍리 1549-1,34.8654071,127.3231328
보성군농기계 임대사업소 북부지소,85.0,전라남도,보성군,복내면,유정리 796,34.8828656,127.1236375
안성시농기계임대사업소 본소,127.0,경기도,안성시,보개면,불현리 189-2번지,37.0236965,127.2873775
안성시농기계임대사업소 동부분소,166.0,경기도,안성시,죽산면,두현리 456-6번지,37.0807264,127.4020528
안성시농기계임대사업소 서부분소,152.0,경기도,안성시,양성면,덕봉리 88-35번지,37.0488354,127.1998418
안성시농기계임대사업소 남부분소,115.0,경기도,안성시,서운면,송산리 205-5번지,36.943708,127.2351201
여수시농기계임대사업소,134.0,전라남도,여수시,주삼동,812-2,34.7877147,127.6538022
농기계 임대사업소(본소),44.0,전북특별자치도,진안군,진안읍,반월리 1032-1,35.7615747,127.4376986
농기계 임대사업소(정천면),23.0,전북특별자치도,진안군,정천면,봉학리 321,35.8736391,127.4420648
농기계 임대사업소(마령면),21.0,전북특별자치도,진안군,마령면,평지리 1356,35.7358614,127.3684428
농기계 임대사업소(동향면),13.0,전북특별자치도,진안군,동향면,대량리 184-1,35.8353804,127.570847
농기계 임대사업소(부귀면),18.0,전북특별자치도,진안군,부귀면,거석리 879-2,35.8352431,127.3506173
평택시농업기술센터 본소 농기계임대사업소,378.0,경기도,평택시,오성면,숙성리 95-3,37.0146051,126.9811593
평택시농업기술센터 북부 농기계임대사업소,155.0,경기도,평택시,진위면,마산리 257,37.0963952,127.0804478
본소임대사업소,249.0,전라북도,순창군,유등면,건곡리 750-1,35.3795191,127.1635534
서부권임대사업소,142.0,전라북도,순창군,구림면,월정리 498-1,35.4342126,127.0433827
산서 농기계 임대사업장,113.0,전북특별자치도,장수군,산서면,신창리 991,35.5850976,127.3910784
번암 농기계 임대사업장,73.0,전북특별자치도,장수군,번암면,노단리 962-4,35.5379289,127.5463529
장계 농기계 임대사업장,124.0,전북특별자치도,장수군,장계면,금덕리 637,35.7406081,127.5862397
천천 농기계 임대사업장,71.0,전북특별자치도,장수군,천천면,봉덕리 687,35.7299104,127.5316052
계북 농기계 임대사업장,64.0,전북특별자치도,장수군,계남면,신전리 2099,35.6981002,127.5742824
계남 농기계 임대사업장,40.0,전북특별자치도,장수군,계북면,어전리 1239,35.7812684,127.6119757
농기계임대 화천본소,152.0,강원특별자치도,화천군,상서면,신풍리 795,38.1164394,127.6828031
농기계임대 간동분소,121.0,강원특별자치도,화천군,간동면,유촌리 1533-4,38.0527449,127.7908011
농기계임대 상서(부촌)분소,65.0,강원특별자치도,화천군,상서면,부촌리 1386,38.1795352,127.6653784
농기계임대 상서(장촌)분소,86.0,강원특별자치도,화천군,상서면,장촌리 869-3,38.140673,127.6550206
농기계임대 하남(원천)분소,67.0,강원특별자치도,화천군,하남면,원천리 999,38.055401,127.6681532
농기계임대 하남(용암)분소,66.0,강원특별자치도,화천군,하남면,용암리 1015-3,38.0889895,127.698258
농기계임대 사내(사내)분소,65.0,강원특별자치도,화천군,사내면,사창리 410-2,38.0730309,127.524659
농기계임대 사내(광덕)분소,37.0,강원특별자치도,화천군,사내면,광덕리 516-15,38.0761894,127.488759
전주시농업기계 임대사업소,70.0,전북특별자치도,전주시,덕진구,장동 452-32,35.8505725,127.0603945
농업기계임대센터본소,229.0,경상북도,청송군,청송읍,송생리 715,36.3909845,129.0775543
농업기계임대센터남부상담소,87.0,경상북도,청송군,안덕면,명당리 368,36.288211,128.9565365
농업기계임대센터진보상담소,115.0,경상북도,청송군,진보면,각산리 501-1,36.5336369,129.0532578
김해시농기계임대사업소,117.0,경상남도,김해시,전하동,900,35.2134186,128.8706742
김해시농기계임대사업소한림분소,165.0,경상남도,김해시,한림면,장방리 1403,35.3362802,128.7935392
김해시농기계임대사업소대동분소,65.0,경상남도,김해시,대동면,초정리 952-670,35.2353698,128.9936687
보은군농업기술센터 농기계임대사업소,603.0,충청북도,보은군,보은읍,강산리 55-1,36.504722,127.7153189
하동군 농업기술센터 임대사업소,274.0,경상남도,하동군,적량면,동산리 1694,35.0787353,127.7682437
